id,total_len,exon_len,start,stop,n_exons,sequence
chr_101+CDS1|TRUE,0,0,0,0,MASTVTFRNTNTGLQIGFNSGTVHSINNFTDPLDKLPITSGAAFDSYTTNQDDSQCLPGTRADLLEQIEKWVRSPDESCFFWLQGMAGTGKSTIARTLASSFKAHGSTVVSFFFKRGEQDRGNARGFFATISKQLAVGLPDLSPGIREAISSDPDITAKSLKKQFDTLIFQPLVDLGQKAPRTPLIMVIDALDECEVDNDIRDILQILPLVQELPIRFRILLTSRPELPVRLGFARIADYQYKELVLHELPESTTAYDISLFLKDRLTQIKETRDVPDEWPTEDQFNKLVALSAPLFISAATICRFIETKLNPVESLDNLLRVQVKLKYASKMEQTYLPILMRLLSNQGIDDDETTQLLQSFQHIIGVIVFLAVPLSVKTLSRLLQIDERVINNLLNNLHSVISVPQDRTTPIRILHLSFRDFLVQTQSRFYVDMEKTHRNITRHCFTIMQSLLKQNICHLDSYRTPKSEIDIECIHQHLPQELQYSCRYWAHHLSQCGDSLLEISNAFLFLQEHFLHWVEVMVLLNAGAEVLGMLNILQSFLSYVDDDDLFKFLMDAKRFFVENKGIAEIAPLQLYSSSLVFAPEMAIIRRLFQREVPPWTYQLPKVGRNWNAALLTVEGVSEALALSPDSRLLASGENGGNTIRLWDVSGDLKQTLEGDTLTIAFSPDSRQLASGAPHGTIRIYDTATGALQKTLKCDTPALIKSLDFFPDGQLLVACFDYTIRLWDTNRWDTKQTLEGHTSWVQCVAFSPDGRWLASGSNDTTVRIWDTATWTTKRILRGHAGEVRSVAFSHDGLFLASADTTGQIWDTATWTLSRKLEWPLRREHRVWSVAFSVDTRLACGYGNGVIKLWDTVTGTLQQTLEGHSDVVSCLAFSSDGQLLASLSRDGTARIWEISMRAPEDDFEGHPDPVHEVQFSPDGRILVSTSHDDVIRLWNPATGALQQIIRDVPSLIEWVQFSPDSRLLACSFYNSGVSRRQFIWIWNISTKSLKQQLVYDPHEVRSIAFSPDSRLMACGRYKSVEILDITNGATQTNILKGSQSTANPVLFSPDCRLLASGYGSYDRNVRLWDTTTWEMLYVFEDYAQSTFTMSFSPNSQLLAFTTLDKSIKLWHTATGALRQTLTGHKSPATGITFSPNGLLLASTSKDQTVRVWSVVTGAMYQKFEIQKVAEGLQFSLDGSFVTFNHGSFDLRADIQTNFDGDASSSATENYRIELQNHQWINIRGGGALWLPPVYRPSCSAMSGNILALGHSSGRVSFFSFLIN
chr_101+CDS1|CRTD,0,0,0,0,MASTVTFRNTNTGLQIGFNSGTVHSINNFTGTLNWIPM
chr_101+CDS1|ORIG,0,0,0,0,MASTVTFRNTNTGLQIGFNSGTVHSINNFTDPLDKLPITSGAAFDSYTTNQDDSQCLPGTRADLLEQIEKWVRSPDESCFFWLQGMAGTGKSTIARTLASSFKAHGSTVVSFFFKRGEQDRGNARGFFATISKQLAVGLPDLSPGIREAISSDPDITAKSLKKQFDTLIFQPLVDLGQKAPRTPLIMVIDALDECEVDNDIRDILQILPLVQELPIRFRILLTSRPELPVRLGFARIADYQYKELVLHELPESTTAYDISLFLKDRLTQIKETRDVPDEWPTEDQFNKLVALSAPLFISAATICRFIETKLNPVESLDNLLRVQVKLKYASKMEQTYLPILMRLLSNQGIDDDETTQLLQSFQHIIGVIVFLAVPLSVKTLSRLLQIDERYVDDDDLFKFLMDAKRFFVENKGIAEIAPLQLYSSSLVFAPEMAIIRRLFQREVPPWTYQLPKVGRNWNAALLTVEGVSEALALSPDSRLLASGENGGNTIRLWDVSGDLKQTLEGDTLTIAFSPDSRQLASGAPHGTIRIYDTATGALQKTLKCDTPALIKSLDFFPDGQLLVACFDYTIRLWDTNRWDTKQTLEGHTSWVQCVAFSPDGRWLASGSNDTTVRIWDTATWTTKRILRGHAGEVRSVAFSHDGLFLASADTTGQIWDTATWTLSRKLEWPLRREHRVWSVAFSVDTRLACGYGNGVIKLWDTVTGTLQQTLEGHSDVVSCLAFSSDGQLLASLSRDGTARIWEISMRAPEDDFEGHPDPVHEVQFSPDGRILVSTSHDDVIRLWNPATGALQQIIRDVPSLIEWVQFSPDSRLLACSFYNSGVSRRQFIWIWNISTKSLKQQLVYDPHEVRSIAFSPDSRLMACGRYKSVEILDITNGATQTNILKGSQSTANPVLFSPDCRLLASGYGSYDRNVRLWDTTTWEMLYVFEDYAQSTFTMSFSPNSQLLAFTTLDKSIKLWHTATGALRQTLTGHKSPATGITFSPNGLLLASTSKDQTVRVWSVVTGAMYQKFEIQKVAEGLQFSLDGSFVTFNHGSFDLRADIQTNFDGDASSSATENYRIELQNHQWINIRGGGALWLPPVYRPSCSAMSGNILALGHSSGRVSFFSFLIN
chr_101+CDS109|TRUE,0,0,0,0,MDEQYHLYYYYYYYYYYYYYYYYYYYYYYYYYDHHHHHVRPHSIIQRATFLAPAAPDSVPAGKARALRRKEKKKVKAKKVEKKKLENGSASVKELLDEAERLEKAAAVEEEEARKKRTRAVKLRAAAAAAAKGEGEGSEKEQKEEKEEEEEEEEDLPLRLKEEVDMIVE
chr_101+CDS109|CRTD,0,0,0,0,MDEQYHLYYYYYYYYYYYYYYYYYYYYYYYYYDHHHHHVRPHSSMSSNLPTILSPISQYSRT*SFKERLF*PRLPPTPSPPARLVRFGARRRRR*RRRRSRRRNWRMGAPPSRSCWTRLNASKRPLLSRRRKPGRKGPAP
chr_101+CDS109|ORIG,0,0,0,0,MDEQYHLYYYYYYYYYYYYYYYYYYYYYYYYYDHHHHHVRPHSTPAAPDSVPAGKARALRRKEKKKVKAKKVEKKKLENGSASVKELLDEAERLEKAAAVEEEEARKKRTRAVKLRAAAAAAAKGEGEGSEKEQKEEKEEEEEEEEDLPLRLKEEVDMIVE
chr_101+CDS224|TRUE,0,0,0,0,MRLSYAVSLLPLAAFVGALEVTSPKKGEDVDLSSSFTVTWDSVSTDPTTFDLYLVNNAVYPTVEKKVASDVETSKGSYTVSDLSGVTDGSGYQINLLSTSSTNSGILAQSEQFTVEGGSSSSSTTTASASMTTSASTSSSSSASSTGTSTASSTRSASASGTSTASASGTETTAPASTGAGMALAAPVSVAAGLVLGVVAMQL
chr_101+CDS224|CRTD,0,0,0,0,MRLSYAVSLLPLAAFVGALEVTSPKKGEDVDLSSSFTVTWDSVSTDPTTFDLYLVNNAVYPTVEKKVASDVETSKGSYTVSDLSGVTDGSGYQINLLSTSSTNSGILAQSEQFTVEGGSSSSSTTTASASMTTSASTSSSSSASSTGTSTGTDTSSTSSSSTGSSSITTTSSSTSSSSTSSSTSKLTTTTSGANTLSTTASSTRSASASGTSTASASGTETTAPASTGAGMALAAPVSVAAGLVLGVVAMQL
chr_101+CDS224|ORIG,0,0,0,0,MRLSYAVSLLPLAAFVGALEVTSPKKGEDVDLSSSFTVTWDSVSTDPTTFDLYLVNNAVYPTVEKKVASDVETSKGSYTVSDLSGVTDGSGYQINLLSTSSTNSGILAQSEQFTVEGGSSSSSTTTASASMTTSASTSSSSSASSTGTSTGTDTSSTSSSSTGSSSITTTSSSTSSSSTSSSTSKLTTTTSGANTLSTTASSTRSASASGTSTASASGTETTAPASTGAGMALAAPVSVAAGLVLGVVAMQL
chr_101+CDS461|TRUE,0,0,0,0,MLPLLDNNTGVTHIILAAFHLNADPQHITLNNDPPHMPLYEPLWAEVPAVKQSGVRVMGLLGGAAQGSFRCLDGNEEKFELYYQPLRDMVRRHQLDGLDLDVEEEMSLSGIIRLIDRLKLDMGDDFIITLAPVAAAMLGMGNLSGFDYRELERQRASKISWYNTQFYNGWGNPEDPRMYAAMVAQGWAPNRVVYGLLTNPGNGSQGYVPLEKIGPILGLLVERFPNFGGVMGWEYFNSKPGDRDAPWQWAAAMSLSMHMKEVLHVARMMRSGPMANSLMNLLRDMMQQR
chr_101+CDS461|CRTD,0,0,0,0,MPPVSPQPERPRVILYHQTICPDGQYCSMLPLLDNNTGVTHIILAAFHLNADPQHITLNNDPPHMPLYEPLWAEVPAVKQSGVRVMGLLGGAAQGSFRCLDGNEEKFELYYQPLRDMVRRHQLDGLDLDVEEEMSLSGIIRLIDRLKLDMGDDFIITLAPVAAAMLGMGNLSGFDYRELERQRASKISWYNTQFYNGWGNPEDPRMYAAMVAQGWAPNRVVYGLLTNPGNGSQGYVPLEKIGPILGLLVERFPNFGGVMGWEYFNSKPGDRDAPWQWAAAMSLSMHMKEVLHVARMMRSGPMANSLMNLLRDMMQQR
chr_101+CDS461|ORIG,0,0,0,0,MPPVSPQPERPRVILYHQTICPDGQYCSMLPLLDNNTGVTHIILAAFHLNADPQHITLNNDPPHMPLYEPLWAEVPAVKQSGVRVMGLLGGAAQGSFRCLDGNEEKFELYYQPLRDMVRRHQLDGLDLDVEEEMSLSGIIRLIDRLKLDMGDDFIITLAPVAAAMLGMGNLSGFDYRELERQRASKISWYNTQFYNGWGNPEDPRMYAAMVAQGWAPNRVVYGLLTNPGNGSQGYVPLEKIGPILGLLVERFPNFGGVMGWEYFNSKPGDRDAPWQWAAAMSLSMHMKEVLHVARMMRSGPMANSLMNLLRDMMQQR
chr_102+CDS136|TRUE,0,0,0,0,MLNRNVNEMASEDPIDFAYTAIAQVANIASLLGVESKRPLCGRLGAELFLVANYIDTAGLDQERRLRLRISKLLRDVEAMCNWPKDIPRNGYPLLEAIGRSLPGVTSYEKARKSIRRGLDQLTSCPRDAEVAISHVQKFIERNRKSTRRDESGDLSSRKRFARPERSDLANELAHRVLREQMCCTCQSSGVRRQMERGHLVCLLLQPPSQSVASNNLAQFDMLFSSKPFWDQSQLTHWQDVELLVPNDHTPSKKCVRFLDEDVGNDDQHASKTTAKRRHRTDEGQFCRLLDLATGWRLCLSIEDQELYHRFGPHKQVVDHTPGISLAKILSTYYLTARMKLVLAYIIAYSVWQYYDTDWMRTRWTSETIQFMRESNSSGDGGRGKLFTWKPYVSVHFNDEDPLCYEQYRIAGMVHVYPRIRALGIMLVEIGLGFPLPKREEQGRPLAAEVNTELLTAINYARDEEHWKNFDYPDYKSSICHCLEPGTFDQAPCVESLSASEQKQNLKQRRNILYEKVVFPLENLLQGTKWIDNYEKIGPLHVLSQDAAIQEATVPVNSDKGKAPERRRKRTETQVAPAAGLHGLSRRVRIAILDTGYDDNAPFFFSPDVMERLKGWKDWADGSIQPEDCHGHGTHLVSLVLKCAPDADIFVARIAKGPQQLLSASEKVAEAISWASEQWEADLISMSFGFAEEQPCISDAIREALYKRKDSILFFAAASNYGANDREMFPARHESVMSIRATNSNGLFADFNPPKHEDEPVVFGTLGIDVPSAWPNCDGEEYRSGTSIATAIAAGIAGSLLGYISSHPPEKPFYDAKSLARTRRGMTAIFRAISSKTLQPDYLYLTVRGLIGIPEDVRWAKIGGKLSGL
chr_102+CDS136|CRTD,0,0,0,0,MLNRNVNEMASEDPIDFAYTAIAQVANIASLLGVESKRPLCGRLGAELFLVANYIDTAGLDQERRLRLRISKLLRDVEAMCNWPKDIPRNGYPLLEAIGRSLPGVTSYEKARKSIRRGLDQLTSCPRDAEVAISHVQKFIERNRKSTRRDESGDLSSRKRFARPERSDLANELAHRVLREQMCCTCQSSGVRRQMERGHLVCLLLQPPSQSVASNNLAQFDMLFSSKPFWDQSQLTHWQDVELLVPNDHTPSKKCVRFLDEDVGNDDQHASKTTAKRRHRTDEGQFCRLLDLATGWRLCLSIEDQELYHRFGPHKQVVDHTPGISLAKILSTYYLTARMKLVLAYIIAYSVWQYYDTDWMRTRWTSETIQFMRESNSSGDGGRGKLFTWKPYVSVHFNDEDPLCYEQYRIAGMVHVYPRIRALGIMLVEIGLGFPLPKREEQGRPLAAEVNTELLTAINYARDEEHWKNFDYPDYKSSICHCLEPGTFDQAPCVESLSASEQKQNLKQRRNILYEKVVFPLENLLQGTKWIDNYEKIGPLHVLSQDAAIQEATVPVNSDKGKAPERRRKRTESEKNASNWLLDVKEFNRELAQVAPAAGLHGLSRRVRIAILDTGYDDNAPFFFSPDVMERLKGWKDWADGSIQPEDCHGHGTHLVSLVLKCAPDADIFVARIAKGPQQLLSASEKVAEAISWA
chr_102+CDS136|ORIG,0,0,0,0,MLNRNVNEMASEDPIDFAYTAIAQVANIASLLGVESKRPLCGRLGAELFLVANYIDTAGLDQERRLRLRISKLLRDVEAMCNWPKDIPRNGYPLLEAIGRSLPGVTSYEKARKSIRRGLDQLTSCPRDAEVAISHVQKFIERNRKSTRRDESGDLSSRKRFARPERSDLANELAHRVLREQMCCTCQSSGVRRQMERGHLVCLLLQPPSQSVASNNLAQFDMLFSSKPFWDQSQLTHWQDVELLVPNDHTPSKKCVRFLDEDVGNDDQHASKTTAKRRHRTDEGQFCRLLDLATGWRLCLSIEDQELYHRFGPHKQVVDHTPGISLAKILSTYYLTARMKLVLAYIIAYSVWQYYDTDWMRTRWTSETIQFMRESNSSGDGGRGKLFTWKPYVSVHFNDEDPLCYEQYRIAGMVHVYPRIRALGIMLVEIGLGFPLPKREEQGRPLAAEVNTELLTAINYARDEEHWKNFDYPDYKSSICHCLEPGTFDQAPCVESLSASEQKQNLKQRRNILYEKVVFPLENLLQGTKWIDNYEKIGPLHVLSQDAAIQEATVPVNSDKGKAPERRRKRTESEKNASNWLLDVKEFNRELAQVAPAAGLHGLSRRVRIAILDTGYDDNAPFFFSPDVMERLKGWKDWADGSIQPEDCHGHGTHLVSLVLKCAPDADIFVARIAKGPQQLLSASEKVAEAISWASEQWEADLISMSFGFAEEQPCISDAIREALYKRKDSILFFAAASNYGANDREMFPARHESVMSIRATNSNGLFADFNPPKHEDEPVVFGTLGIDVPSAWPNCDGEEYRSGTSIATAIAAGIAGSLLGYISSHPPEKPFYDAKSLARTRRGMTAIFRAISSKTLQPDYLYLTVRGLIGIPEDVRWAKIGGKLSGL
chr_102+CDS250|TRUE,0,0,0,0,MPILFTRRRLERPTTEHEIGIPLILMSKTPSWPLAKAWKTTGWAHCLNEAAFSSTVPEALMIASPGLSQSRYELDENLVQAFQNGFAAAAAEDTPDDYNLLFAVWEHVYGQGKDARSYFTEKRSSSSFIELDNDIRLEDQPIQKIKKAERDYFRVNTFQEAIARRLTLVSRWGCQYTPPHQQHLRKAGEFFVTDYKLWKWIMLF
chr_102+CDS250|CRTD,0,0,0,0,DARSYFTEKRSSSSFIELDNDIRLEDQPIQKIKKAERDYFRVNTFQEAIARRLTLVSRWGCQYTPPHQQHLRKAGEFFVTDYKLWKWIMLF
chr_102+CDS250|ORIG,0,0,0,0,MIASPGLSQSRYELDENLVQAFQNGFAAAAAEDTPDDYNLLFAVWEHVYGQGKDARSYFTEKRSSSSFIELDNDIRLEDQPIQKIKKAERDYFRVNTFQEAIARRLTLVSRWGCQYTPPHQQHLRKAGEFFVTDYKLWKWIMLF
chr_102+CDS470|TRUE,0,0,0,0,MYLSVVSLLALSGIVTAHSSHDQTPLAGPHQRLWYNTLPGDGGTQADSVFSGISTFGRLPYFPCLSSEAERYDIAFIGAPFDTGTSYRPGARFGPSGIRQGSRRLNLYGGYNVPLQANPFVSDLRVLDCGDIPVTSYDNAWAIQQIEEGHNSVLMRKPFTDAEKYGLSKAGKTLPRIITLGGDHTITLPLLRSINRAYGPVTVIHFDSHLDSWKPKVFGGSPSQVAAINHGTYFYHAAMEGLLKNDTNIHAGIRTTLSGPSDYENDGYCGFEIVEAREIDTIGTDGIIKKIRERVGTENPVYLSIDIDTLDPAYAPATGTPETGGWSTRELRTIIRGLDGLNFIGADIVEVAPAYDTNAELSTMAAADVLYEVLTIMVKKGPLSVGRSDEL
chr_102+CDS470|CRTD,0,0,0,0,MYLSVVSLLALSGIVTAHSSHDQTPLAGPHQRLWYNTLPGDGGTQADSVFSGISTFGRLPYFPCLSSEAERYDIAFIDPEQDSDPAESDKDLAASTSSTLYPAMNIPDGVDAHP*FFSVAGIMCLSKRTLLSVI*ESWIAEISL*RLMTTPGLSNRSKRVTIVF*CANHSPMLRSTDSPRLERPFHASSPWEETIPLPCRCCAV*IGPTDLLLLSTLTATWIPGNQRYSAAHLVRSPQLTTAPTSTTPRWKAC*RTIPTFTPVFALRFPVHPITRTTDTVGSKSLKLERLILLERMASSRR*GRGLVPRTQFTSPLISIPLILLMHRQPGRPKREVGRRVSSALSFVDWMD*TSSVRTSLKLHLLTIQMLSFLLWPLQMFSMRFLPSWSRRVRCLLAALMSCS
chr_102+CDS470|ORIG,0,0,0,0,MYLSVVSLLALSGIVTAHSSHDQTPLAGPHQRLWYNTLPGDGGTQADSVFSGISTFGRLPYFPCLSSEAERYDIAFIDPEQDSDPAESDKDLAASTSSTLYPAMNIPDGVDAHPYDNAWAIQQIEEGHNSVLMRKPFTDAEKYGLSKAGKTLPRIITLGGDHTITLPLLRSINRAYGPVTVIHFDSHLDSWKPKVFGGSPSQVAAINHGTYFYHAAMEGLLKNDTNIHAGIRTTLSGPSDYENDGYCGFEIVEAREIDTIGTDGIIKKIRERVGTENPVYLSIDIDTLDPAYAPATGTPETGGWSTRELRTIIRGLDGLNFIGADIVEVAPAYDTNAELSTMAAADVLYEVLTIMVKKGPLSVGRSDEL
chr_102+CDS571|TRUE,0,0,0,0,MSKPVYTLAEGQPLPNPSVSTTLPTFGGGAITTLGDTLLIETLTHFNRERIPERVVHAKGNGAWGEFRVTKDISHLTHAKFLNGVGKTTKVLFRASTTGGEKGSADTVRDVHGFSVKFFTEEGNHDIVGNHVPVFFVRDPVRFPSLNRSHKRHPTTGLPDMNMYWDFHSNQPESVHTLMHVFGSRGLPQSARRMTGFGIHTFKLVGHDGKFRYCKFHFKPVLGSHNFTPEEATRMAGVNPDFHNEDLFQAILRGDYPKWKFYIQVMEPEQAETYGRAVFDITKVWSHKDFSLIEVGEMTLNRNPENFFAEIEQAAFSPSNLVPGIAVTPDPMLQARMFAYPDAQRYRLGVNYTQLPPNRAICPVYAPYERDGLATMGRNYGGDPNYIKSTLTPGVFSQSVQEVRHHEWLRSGAVLGLNEIPVDDEDFVQPRALWNNVFDEAERSLWVNNVAEALEGVVPEIQKATIAMFSRVEPQIGQRLEAKLKSSSRL
chr_102+CDS571|CRTD,0,0,0,0,MSKPVYTLAEGQPLPNPSVSTTLPTFGGGAITTLGDTLLIETLTHFNRERIPERVVHAKGNGAWGEFRVTKDISHLTHAKFLNGVGKTTKVLFRASTTGGEKGSADTVRDVHGFSVKFFTEEGNHDIVGNHVPVFFVRDPVRFPSLNRSHKRHPTTGLPDMNMYWDFHSNQPESVHTLMHVFGSRGLPQSARRMTGFGIHTFKLVGHDGKFRYCKFHFKPVLGSHNFTPEEATRMAGVNPDFHNEDLFQAILRGDYPKWKFYIQVMEPEQAETYGRAVFDITKVWSHKDFSLIEVGEMTLNRNPENFFAEIEQAAFSPSNLVPGIAVTPDPMLQARMFAYPDAQRYRLGVNYTQLPPNRAICPVYAPYERDGLATMGRNYGGDPNYIKSTLTPGVFSQSVQEVRHHEWLRSGAVLGLNEIPVDDEDFVQPRALWNNVFDEAERSLWVNNVAEALEGVVPEIQKATIAMFSRVEPQIGQRLEAKLKSSSRL
chr_102+CDS571|ORIG,0,0,0,0,MSKPVYTLAEGQPLPNPSVSTTLPTFGGGAITTLGDTLLIETLTHFNRERIPERVVHAKGNGAWGEFRVTKDISHLTHAKFLNGVGKTTKVLFRASTTGGEKGSADTVRDVHGFSVKFFTEEGNHDIVGNHVPVFFVRDPVRFPSLNRSHKRHPTTGLPDMNMYWDFHSNQPESVHTLMHVFGSRGLPQSARRMTGFGIHTFKLVGHDGKFRYCKFHFKPVLGSHNFTPEEATRMAGVNPDFHNEDLFQAILRGDYPKWKFYIQVMEPEQAETYGRAVFDITKVWSHKDFSLIEVGEMTLNRNPENFFAEIEQAAFSPSNLVPGIAVTPDPMLQARMFAYPDAQRYRLGVNYTQLPPNRAICPVYAPYERDGLATMGRNYGGDPNYIKSTLTPGVFSQSVQEVRHHEWLRSGAVLGLNEIPVDDEDFVQPRALWNNVFDEAERSLWVNNVAEALEGVVPEIQKATIAMFSRVEPQIGQRLEAKLKSSSRLEWFKQEILAVNVILVGGSSSRDLTPHNPASYPLRSDKDQHPPYSTMSVLSLPDSTRDNDSLIGSSPHPAEPSIWTDRAVQEACLMRYFVEELAPWVKSIPSTLISNTTPENVGCSSIPAMLCPALLYAVYSAAARHLGRWQSTGTRPVAFAGRRLPNLGDGMALDYQSLCISHLVSADDAEIHNVDLLAASVILRFYEEFDAALVGSDGKTHLRGTQVFLNAQGHAALCCGGLQLAAFWVGIRQEFHKAFLEQRVAKLDLSCCEASVYRQLDSADDPTWANRVVLHCVDVLRYCYGEEGQTRGRYEELCAYNQQWQALTPPTFDPLYCRPPNTVKGEIFPVLWYLDDCIVTGNQHCHLARLLLTVFDPTVPRLGPGRKAAVARREAEVKHHVFSLCGIAISNKTAPALVAACMGVSMCGDRMTDRREQEALFDILLKTEQIHGLSTTHAQTSLRAAWEWDATISQVSSFNLNARQSL
chr_201+CDS202|TRUE,0,0,0,0,MAGQQSMYQFLFEGPQIPIVSYRFASSISLVLKAEGIPCLLWGDLAMRAMGFHSIAQNLDLILEDEHLTRAAAVFRNYEYAHEFPYFLRCASATATTPESGRPEPTHRFHVYSHPEITMMPSQAPQEPGAQGPSAVHGEIPHIDICLYSKRWYFPGNPPIPTGIPRPTNLSYMLSNDGRLPLTGYQHGQPNFGRFPQDIAPVIMAKPARFIETLLVLRINFGTWSQQTRWWRLTLARMTTTGFGNGPDDDPQPVMFGPLYDPECFREEFQRWWNLMRARDIEAVLAEEENMGVLLRSPGTPVGGPWVPL
chr_201+CDS202|CRTD,0,0,0,0,MDVPSPVGSLLPEGSPWSSLMGGGSQHQDLPVEAIEADNEASRNASHMSEDEPPQDPPSDTLEADNEASRSASHMGEDSEYRSPSPCLIRVYEYLGEEYCGQTDAFIIASDASNILKEADPPIPCVLWGFMLENIFEHIHDAFVRLIHIISYAVQDLVLTNEAETIIDRPCN
chr_201+CDS202|ORIG,0,0,0,0,MDVPSPVGSLLPEGSPWSSLMGGGSQHQDLPVEAIEADNEASRNASHMSEDEPPQDPPSDTLEADNEASRSASHMGEDSEYRSPSPCLIRVYEYLGEEYCGQTDAFIIASDASNILKEADPPIPCVLWGFMLENIFEHIHDAFKPLSIDLVIEDEQMTDAIETLRKAGFRDHDNYPGCPYNEGACPGNELKPVHVFHLFDLFSHRAVAETHSVTKGSQQHHDLRLHRKSNVLWRLPNFTVQTEANEADENFMLTLDRRLRWKGVHRPKNKDHPPTKNPLVIPTPARYAEALIYLKARDEHFNKCEIDWDEILTEHFRTYLYVAEYGDLFDLDANQKTLSETCREWWEACRTATYTGESSIKAQKRLEKELSREFAALYPGRSDEPKPIPFEGHGEQSSRQQMSPSPLFSYSTEEIFPLSESDKALDTEASHKYIPSLNPPFCPPTTLQNLDLILEDEHLTRAAAVFRNYEYAHEFPYFLRCASATATTPESGRPEPTHRFHVYSHPEITMMPSQAPQEPGAQGPSAVHGEIPHIDICLYSKRWYFPGNPPIPTGIPRPTNLSYMLSNDGRLPLTGYQHGQPNFGRFPQDIAPVIMAKPARFIETLLVLRINFGTWSQQTRWWRLTLARMTTTGFGNGPDDDPQPVMFGPLYDPECFREEFQRWWNLMRARDIEAVLAEEENMGVLLRSPGTPVGGPWVPL
chr_201+CDS322|TRUE,0,0,0,0,MNAPDRYESFVLANGENKVEMEIDTRIPSSAIFTFNKEDHTLGNLIRSRLLQSSHVLFAAYKVPHPLVPNFQLRVQTDGDITPKDAVIAACHELVRDLGILSREFTKEYELRKMVGATAQQQNGVQDGV
chr_201+CDS322|CRTD,0,0,0,0,MESIMPAEMVYARLKNGSGGSRVRCQSTVNVSHDQQPRYESFVLANGENKVEMEIDTRIPSSAIFTFNKEDHTLGNLIRSRLLQSSHVLFAAYKVPHPLVPNFQLRVQTDGDITPKDAVIAACHELVRDLGILSREFTKEYELRKMVGATAQQQNGVQDG
chr_201+CDS322|ORIG,0,0,0,0,MESIMPAEMVYARLKNGSGGSRVRCQSTVNVSHDQQPRYESFVLANGENKVEMEIDTRIPSSAIFTFNKEDHTLGNLIRSRLLQSSHVLFAAYKVPHPLVPNFQLRVQTDGDITPKDAVIAACHELVRDLGILSREFTKEYELRKMVGATAQQQNGVQDGV
chr_201+CDS80|TRUE,0,0,0,0,MGEFGIEELSDLNVLAAEHGLELTPDGCHLRWARTNPKHPRNWHPVRKSYDIVVISLLEFFTTCLSTSGATTATAAQVEFGTSKTLTLFLYVSTYLLGQGLGGIVFPPYSESFGRKKLYIFSASLYSVFCLIIAAVPSIPSLVVGRFITGFLSAIPTVVITGSIEDMFNTHDRIFVMLVYVSMACMGVSAGPIISSYISVRFGWRWVFYVGAIVSAFLAALLLCIKESRPSLILMREVQTLRKLTGNDTFKAQNPDYMPDLRTFLHLGLLRPLRLFLTEPIVFIVTMIFGVCVALVYLFTEALPPVYEQFGFSTEEASLPFLALGLGVIPNALTRIVDYRIIRRRQKKCGVLKPEHKLTGIYIGAPVLAIALWWFAWTIPPQVTNVNWFVSVVALFFIGYALNELEIVVTAYMADSYLSYAASGFAALSIIRSLLSAAFPLFGSKMFDALGANVAVSILAVLATIFCIVPPLLSRYGEQMRMRSAFAKYSLQVYAENGVDQDFQ
chr_201+CDS80|CRTD,0,0,0,0,MGEFGIEELSDLNVLAAEHGLELTPDGCHLRWARTNPKHPRNWHPVRKSYDIVVISLLEFFTTCLSTSGATTATAAQVEFGTSKTLTLFLYVSTYLLGQGLGGIVFPPYSESFGRKKLYIFSASLYSVFCLIIAAVPSIPSLVVGRFITGFLSAIPTVVITGSIEDMFNTHDRIFVMLVYVSMACMGVSAGPIISSYISVRFGWRWVFYVGAIVSAFLAALLLCIKESRPSLILMREVQTLRKLTGNDTFKAQNPDYMPDLRTFLHLGLLRPLRLFLTEPIVFIVTMIFGVCVALVYLFTEALPPVYEQFGFSTEEASLPFLALGLGVIPNALTRIVDYRIIRRRQKKCGVLKPEHKLTGIYIGAPVLAIALWWFAWTIPPQVTNVNWFVSVVALFFIGYALNELEIVVTAYMADSYLSYAASGFAALSIIRSLLSAAFPLFGSKMFDALGANVAVSILAVLATIFCIVPPLLSRYGEQMRMRSAFAKYSLQVYAENGVDQDFQ
chr_201+CDS80|ORIG,0,0,0,0,MGEFGIEELSDLNVLAAEHGLELTPDGCHLRWARTNPKHPRNWHPVRKSYDIVVISLLEFFTTCLSTSGATTATAAQVEFGTSKTLTLFLYVSTYLLGQGLGGIVFPPYSESFGRKKLYIFSASLYSVFCLIIAAVPSIPSLVVGRFITGFLSAIPTVVITGSIEDMFNTHDRIFVMRWVFYVGAIVSAFLAALLLCIKESRPSLILMREVQTLRKLTGNDTFKAQNPDYMPDLRTFLHLGLLRPLRLFLTEPIVFIVTMIFGVCVALVYLFTEALPPVYEQFGFSTEEASLPFLALGLGVIPNALTRIVDYRIIRRRQKKCGVLKPEHKLTGIYIGAPVLAIALWWFAWTIPPQVTNVNWFVSVVALFFIGYALNELEIVVTAYMADSYLSYAASGFAALSIIRSLLSAAFPLFGSKMFDALGANVAVSILAVLATIFCIVPPLLSRYGEQMRMRSAFAKYSLQVYAENGVDQDFQ
chr_202+CDS1159|TRUE,0,0,0,0,MAEVDTKASSRHVESTGKPLDVVDESFEGLTPEEERALEKRLVRKIDLHLISSLFLLFIFNILDRSNIANARLGGLQEDLGLSDTQYQTAVAIMFVGYLLGQVPSNILLTRLKPSRYIPAAIFIWGGISICMAAAHNFAGIMCVRIFLGFAESPFFPGAFSWYKPSEIAVRVAVVYCGNTIANGFGSMFAAGVMSGLNGKGGLEGWRWLFIIEGAGTMVAGLLAVALLPDFPRSGQRKWLSEQEQRFAEWRLARAANDEVDENGSIREGLRDAFLDPKAWMLILIQVCQLTSQSWTYFFPTIVKTLGFSNIITLLITAPVYVFGFITALGNSFIANRTSQRAVLIAWPLIVDIVGNVMVISSRATAVRYIGMFLMCAGSYSAFNVVQAWIASTIPRTRTKRAIVYALVNLFGNSSNIYGSYFFPTSDSPQYRPGGITLSAFAAAGIVLTGLLALYLHTLNVKAQRAEDEDGQIRYKYIW
chr_202+CDS1159|CRTD,0,0,0,0,MAEVDTKASSRHVESTGKPLDVVDESFEGLTPEEERALEKRLVRKIDLHLISSLFLLFIFNILDRSNIANARLGGLQEDLGLSDTQYQTAVAIMFVGYLLGQVPSNILLTRLKPSRYIPAAIFIWGGISICMAAAHNFAGIMCVRIFLGFAESPFFPGALLLISSWYKPSEIAVRVAVVYCGNTIANGFGSMFAAGVMSGLNGKGGLEGWRWLFIIEGAGTMVAGLLAVALLPDFPRSGQRKWLSEQEQRFAEWRLARAANDEVDENGSIREGLRDAFLDPKAWMLILIQVCQLTSQSWTYFFPTIVKTLGFSNIITLLITAPVYVFGFITALGNSFIANRTSQRAVLIAWPLIVDIVGNVMVISSRATAVRYIGMFLMCAGSYSAFNVVQAWIASTIPRTRTKRAIVYALVNLFGNSSNIYGSYFFPTSDSPQYRPGGITLSAFAAAGIVLTGLLALYLHTLNVKAQRAEDEDGQIRYKYI
chr_202+CDS1159|ORIG,0,0,0,0,MAEVDTKASSRHVESTGKPLDVVDESFEGLTPEEERALEKRLVRKIDLHLISSLFLLFIFNILDRSNIANARLGGLQEDLGLSDTQYQTAVAIMFVGYLLGQVPSNILLTRLKPSRYIPAAIFIWGGISICMAAAHNFAGIMCVRIFLGFAESPFFPGALLLISSWYKPSEIAVRVAVVYCGNTIANGFGSMFAAGVMSGLNGKGGLEGWRWLFIIEGAGTMVAGLLAVALLPDFPRSGQRKWLSEQEQRFAEWRLARAANDEVDENGSIREGLRDAFLDPKAWMLILIQVCQLTSQSWTYFFPTIVKTLGFSNIITLLITAPVYVFGFITALGNSFIANRTSQRAVLIAWPLIVDIVGNVMVISSRATAVRYIGMFLMCAGSYSAFNVVQAWIASTIPRTRTKRAIVYALVNLFGNSSNIYGSYFFPTSDSPQYRPGGITLSAFAAAGIVLTGLLALYLHTLNVKAQRAEDEDGQIRYKYIW
chr_202+CDS309|TRUE,0,0,0,0,MSRREDSKARDDTVTVNVEDFTRTRDSVVSSLVQLSAAVSELTKAYLNHADTVLGRTPTALDISSITGITSSLYESGLLGARATSPGAKSEVGEKKKRKRAPPDPNAPKRALTPFFLYMQHNRSRIAEELGPNAKPKEVSDEGTRRWAEMPEVQKEVWKKLYADNLAVYKEKVKAYKAGLPYSDDAKAASQLHQGIEGAEATEASEDEEQESEEESEEESSPEPVKEPTPPRSTKRRRSEGKPAAKEAPTPSEKKKESPEKKKRGAAARKEKEQEETPARKAAGGENKRATKKKRKSEAGAEE
chr_202+CDS309|CRTD,0,0,0,0,MARRGRSSPERAPSAASAPALVAPISRATVAIHTITTGIRTIATAAPQQAPLIHSQVVSSLVQLSAAVSELTKAYLNHADTVLGRTPTALDISSITGITSSLYESGLLGARATSPGAKSEVGEKKKRKRAPPDPNAPKRALTPFFLYMQHNRSRIAEELGPNAKPKEVSDEGTRRWAEMPEVQKEVWKKLYADNLAVYKEKVKAYKAGLPYSDDAKAASQLHQGIEGAEATEASEDEEQESEEESEEESSPEPVKEPTPPRSTKRRRSEGKPAAKEAPTPSEKKKESPEKKKRGAAARKEKEQEETPARKAAGGENKRATKKKRKSEAGAE
chr_202+CDS309|ORIG,0,0,0,0,MARRGRSSPERAPSAASAPALVAPISRATVAIHTITTGIRTIATAAPQQAPLIHSQVVSSLVQLSAAVSELTKAYLNHADTVLGRTPTALDISSITGITSSLYESGLLGARATSPGAKSEVGEKKKRKRAPPDPNAPKRALTPFFLYMQHNRSRIAEELGPNAKPKEVSDEGTRRWAEMPEVQKEVWKKLYADNLAVYKEKVKAYKAGLPYSDDAKAASQLHQGIEGAEATEASEDEEQESEEESEEESSPEPVKEPTPPRSTKRRRSEGKPAAKEAPTPSEKKKESPEKKKRGAAARKEKEQEETPARKAAGGENKRATKKKRKSEAGAEE
chr_301+CDS495|TRUE,0,0,0,0,MSPSTAHISSQLRQLIYYHLDNNLVRNALFLAGRLHAYEPRAAESSYLLALCHLQSGQVKAAYDYSKNFGWRGTHLGCAYVFAQACLDLGKYPEGITALERSKGLWSTKNHWGKHSETRRQHLPDAAAVLCLQGKLFYAHNELNAAVECYVDALKLNPFMWDAFLGLCETGVNIRVPNIFKMTPELNALLASSSQDDLDLSSDKAAHSAGPLQSQPKLNSSTDPFTSLTSRTEAVGTHGSSALWEKLNGSTVSVASTGTSAVPAFREGTETPGGQSSESDDRTMHRADAPLEPPLAPARKNRTIQTISADHGMDSPPKMKPTGIRPRTRTKPEPDEPATTYTERELSQGVRVGDRKRTVSGSVAHSAQQPTEPGAPQRRSVRLFNQIKPTTSKLSSSALGTKDGREMKKVRATGAKGRTTTAPSVGRVVSGNRKHIGDTHDGETKDHRPATSASNGTNHTSSRGPSLDRSKAVEALTWLLELFSKLASGYFALCRYRCAEATQIFAALSQGQRETPWVLSQIGRAYYEQAMYSEAEKYFVRVKSMAPSRLEDMEIYSTVLWHLKNDVELAYLAHELMETDRLSPQAWCAVGNSFSHQRDHDQALKCFKRATQLDPHFAYGFTLQGHEYVANEEYDKALDAYRHGISADSRHYNAWYGLGTVYDKMGKLEFAEQHFRNAANINPTNAVLICCIGLVLEKMNNPRGALAQYGRACQLAPHSVLARFRKARVLMKLSELKLALTELKVLKDMAPDEANVHYLLGKLYKMLHEKANAIKHFTTALNLDPKAAQYIKDAMESLDDDEEDDEDMA
chr_301+CDS495|CRTD,0,0,0,0,MSPSTAHISSQLRQLIYYHLDNNLVRNALFLAGRLHAYEPRAAESSYLLALCHLQSGQVKAAYDYSKNFGWRGTHLGCAYVFAQACLDLGKYPEGITALERSKGLWSTKNHWGKHSETRRQHLPDAAAVLCLQGKLFYAHNELNAAVECYVDALKLNPFMWDAFLGLCETGVNIRVPNIFKMTPELNALLASSSQDDLDLSSDKAAHSAGPLQSQPKLNSSTDPFTSLTSRTEAVGTHGSSALWEKLNGSTVSVASTGTSAVPAFREGTETPGGQSSESDDRTMHRADAPLEPPLAPARKNRTIQTISADHGMDSPPKMKPTGIRPRTRTKPEPDEPATTYTERELSQGVRVGDRKRTVSGSVAHSAQQPTEPGAPQRRSVRLFNQIKPTTSKLSSSALGTKDGREMKKVRATGAKGRTTTAPSVGRVVSGNRKHIGDTHDGETKDHRPATSASNGTNHTSSRGPSLDRSKAVEALTWLLELFSKLASGYFALCRYRCAEATQIFAALSQGQRETPWVLSQIGRAYYEQAMYSEAEKYFVRVKSMAPSRLEDMEIYSTVLWHLKNDVELAYLAHELMETDRLSPQAWCAVGNSFSHQRDHDQALKCFKRATQLDPHFAYGFTLQGHEYVANEEYDKALDAYRHGISADSRHYNAWYGLGTVYDKMGKLEFAEQHFRNAANINPTNAVLICCIGLVLEKMNNPRGALAQYGRACQLAPHSVLARFRKARVLMKLSELKLALTELKVLKDMAPDEANVHYLLGKLYKMLHEKANAIKHFTTALNLDPKAAQYIKDAMESLDDDEEDDEDM
chr_301+CDS495|ORIG,0,0,0,0,MSPSTAHISSQLRQLIYYHLDNNLVRNALFLAGRLHAYEPRAAESSYLLALCHLQSGQVKAAYDYSKNFGWRGTHLGCAYVFAQACLDLGKYPEGITALERSKGLWSTKNHWADMFFSRFPGKHSETRRQHLPDAAAVLCLQGKLFYAHNELNAAVECYVDALKLNPFMWDAFLGLCETGVNIRVPNIFKMTPELNALLASSSQDDLDLSSDKAAHSAGPLQSQPKLNSSTDPFTSLTSRTEAVGTHGSSALWEKLNGSTVSVASTGTSAVPAFREGTETPGGQSSESDDRTMHRADAPLEPPLAPARKNRTIQTISADHGMDSPPKMKPTGIRPRTRTKPEPDEPATTYTERELSQGVRVGDRKRTVSGSVAHSAQQPTEPGAPQRRSVRLFNQIKPTTSKLSSSALGTKDGREMKKVRATGAKGRTTTAPSVGRVVSGNRKHIGDTHDGETKDHRPATSASNGTNHTSSRGPSLDRSKAVEALTWLLELFSKLASGYFALCRYRCAEATQIFAALSQGQRETPWVLSQIGRAYYEQAMYSEAEKYFVRVKSMAPSRLEDMEIYSTVLWHLKNDVELAYLAHELMETDRLSPQAWCAVGNSFSHQRDHDQALKCFKRATQLDPHFAYGFTLQGHEYVANEEYDKALDAYRHGISADSRHYNAWYGLGTVYDKMGKLEFAEQHFRNAANINPTNAVLICCIGLVLEKMNNPRGALAQYGRACQLAPHSVLARFRKARVLMKLSELKLALTELKVLKDMAPDEANVHYLLGKLYKMLHEKANAIKHFTTALNLDPKAAQYIKDAMESLDDDEEDDEDMA
chr_301+CDS70|TRUE,0,0,0,0,MTSGAVVTTTEAPARSGKPTDTPVRSRSLGGCETCRRRHAKCDETRPSCLVCKRAGLVCERYEIRLLFDASDSQSSRCRRPLFTEDMRQRMSEQLTDSLDLDDVHTILTKIDDQCESQEGDTNSSFTTCMGPFGAFRVVRAEMDLPESPMDPVDEPLPHVEENPATAGLEMSLDDAFSNDPLMECLFGHVNVDVTADLDAHDFFAATLPSAESEGISPQSLSGGFLMGPSPSVPLQASLLSSPEIQYAPSVTNLAPPDAPLLLSAYTKNVTQLFSPIQLEKSPWSMLYMPPAMETLALLTMGELANNTRMSIFYAILATSAFTQRLSSLTRSASQYWQRQAETFAIEAQNHLKRALHDASSSVKKVKYKDVLIALLCMNTVSAYQGNTERVRRCLLDCENWVRFRGLPKTRKSRKVRLLHHCYVYLRIFQESTSVLPVSHVEIESDHASPDTVRSIATTRSFRLRQWEGRLDQRMSELKEQHQGENDLHLEIPGRWDSTMYPQVFGLPESLLFLLSQVTRLGNERDLSDLGSYTGALDFRQFSARARSLERCISTWRPPSLPDADPHSIIAQTNATIVRLMLSALHKALLIFFYRRIYDVDPMILQDKAWQVRDALAQVERDDMPATRIAAPFIWAAFIAACEALDPTLQDWFAGWFETSARKSGLGTFKLALKIARQVWERQRLPLNSSASTSWPQIMRESNLSLFYI
chr_301+CDS70|CRTD,0,0,0,0,MTSGAVVTTTEAPARSGKPTDTPVRSRSLGGCETCRRRHAKCDETRPSCLVCKRAGLVCERYEIRLLFDASDSQSSRCRRPLFTEDMRQRMSEQLTDSLDLDDVHTILTKIDDQCESQEGDTNSSFTTCMGPFGAFRVVRAEMDLPESPMDPVDEPLPHVEENPATAGLEMSLDDAFSNDPLMECLFGHVNVDVTADLDAHDFFAATLPSAESEGISPQSLSGGFLMGPSPSVPLQASLLSSPEIQYAPSVTNLAPPDAPLLLSAYTKNVTQLFSPIQLEKSPWSMLYMPPAMETLALLTMGELANNTRMSIFYAILATSAFTQRLSSLTRSASQYWQRQAETFAIEAQNHLKRALHDASSSVKKVKYKDVLIALLCMNTVSAYQGNTERVRRCLLDCENWVRFRGLPKTRKSRKVRLLHHCYVYLRIFQESTSVLPVSHVEIESDHASPDTVRSIATTRSFRLRQWEGRLDQRMSELKEQHQGENDLHLEIPGRWDSTMYPQVFGLPESLLFLLSQVTRLGNERDLSDLGSYTGALDFRQFSARARSLERCISTWRPPSLPDADPHSIIAQTNATIVRLMLSALHKALLIFFYRRIYDVDPMILQDKAWQVRDALAQVERDDMPATRIAAPFIWAAFIAACEALDPTLQDWFAGWFETSARKSGLGTFKLALKIARQVWERQRLPLNSSASTSWPQIMRESNLSLFY
chr_301+CDS70|ORIG,0,0,0,0,MTSGAVVTTTEAPARSGKPTDTPVRSRSLGGCETCRRRHAKCDETRPSCLVCKRAGLVCERYEIRLLFDASDSQSSRCRRPLFTEDMRQRMSEQLTDSLDLDDVHTILTKIDDQCESQEGDTNSSFTTCMGPFGAFRVVRAEMDLPESPMDPVDEPLPHVEENPATAGLEMSLDDAFSNDPLMECLFGHVNVDVTADLDAHDFFAATLPSAESEGISPQSLSGGFLMGPSPSVPLQASLLSSPEIQYAPSVTNLAPPDAPLLLSAYTKNVTQLFSPIQLEKSPWSMLYMPPAMETLALLTMGELANNTRMSIFYAILATSAFTQRLSSLTRSASQYWQRQAETFAIEAQNHLKRALHDASSSVKKVKYKDVLIALLCMNTVSESTSVLPVSHVEIESDHASPDTVRSIATTRSFRLRQWEGRLDQRMSELKEQHQGENDLHLEIPGRWDSTMYPQVFGLPESLLFLLSQVTRLGNERDLSDLGSYTGALDFRQFSARARSLERCISTWRPPSLPDADPHSIIAQTNATIVRLMLSALHKALLIFFYRRIYDVDPMILQDKAWQVRDALAQVERDDMPATRIAAPFIWAAFIAACEALDPTLQDWFAGWFETSARKSGLGTFKLALKIARQVWERQRLPLNSSASTSWPQIMRESNLSLFYI
chr_302+CDS356|TRUE,0,0,0,0,MGEAPPVKEHLLIAYGRDLPQWLIDETQAKFPEAELSILQLPNFAPIPAEIARKTTLLVTFSNLPAPEDASKIKIIHSLSSGLDHLLSHPIVKETSIPLTSSSGIHGPPIAEWTIMNWLVASRRFVYTHENQQKHNWAKNVDFMNTVHDQVGRKVGILGYGSIGRQIGRVASALGMQVHAYTASPRPTPSSKKDNGYIVPGTGDRDGTIPVSWHHGTDKASIHEFLSLGLDHLVIALPLTPQTTRMLGTEEFEILSRGVSAERPRPYLTNISRGKVLNQDALIEALKGGVLGGAALDVADPEPLPEDSPLWEVPNVQISPHVSSAGREYIPRSLDIMRENVGRLERGEELLNGFKRGKGY
chr_302+CDS356|CRTD,0,0,0,0,MPSTVNMGEAPPVKEHLLIAYGRDLPQWLIDETQAKFPEAELSILQLPNFAPIPAEIARKTTLLVTFSNLPAPEDASKIKIIHSLSSGLDHLLSHPIVKETSIPLTSSSGIHGPPIAEWTIMNWLVASRRFVYTHENQQKHNWAKNVDFMNTVHDQVGRKVGILGYGSIGRQIGRVASALGMQVHAYTASPRPTPSSKKDNGYIVPGTGDRDGTIPVSWHHGTDKASIHEFLSLGLDHLVIALPLTPQTTRMLGTEEFEILSRGVSAERPRPYLTNISRGKVLNQDALIEALKGGVLGGAALDVADPEPLPEDSPLWEVPNVQISPHVSSAGREYIPRSLDIMRENVGRLERGEELLNGFKRGKGY
chr_302+CDS356|ORIG,0,0,0,0,MPSTVNMGEAPPVKEHLLIAYGRDLPQWLIDETQAKFPEAELSILQLPNFAPIPAEIARKTTLLVTFSNLPAPEDASKIKIIHSLSSGLDHLLSHPIVKETSIPLTSSSGIHGPPIAEWTIMNWLVASRRFVYTHENQQKHNWAKNVDFMNTVHDQVGRKVGILGYGSIGRQIGRVASALGMQVHAYTASPRPTPSSKKDNGYIVPGTGDRDGTIPVSWHHGTDKASIHEFLSLGLDHLVIALPLTPQTTRMLGTEEFEILSRGVSAERPRPYLTNISRGKVLNQDALIEALKGGVLGGAALDVADPEPLPEDSPLWEVPNVQISPHVSSAGREYIPRSLDIMRENVGRLERGEELLNGFKRGKGY
chr_302+CDS473|TRUE,0,0,0,0,MRAVRYHGRGDIRVEEIQEPGSCGVGEVKIRPAFVGICGSDIHEYLHGPSTIPSTTHPITGEKIPVTLGHEFSGTIIEVGEGVTRLQVGDNVAIKPNLFDGGCAACLGGWVNCCDNLGFVGFSGSAGGLSDYVVVKEDRAVRLPEGFDLDLGALVEPLTVAWHAVNRSSIQNDHARTALVVGAGPIGLAVLLVLKARGIESVVVVEVSSQRRELASSLGATRVLDPRTADVVGTVRAMTGNAGADIAFECSAVQAGLDTALKGIRARGTMTILSLWSEKPAIDAFDVVLGEKHVVGSVIYEDGEFEAVIEAMWSGKLNPRALITSKIRMEDIVEKGFKTLIHGRDNQIKILVDISA
chr_302+CDS473|CRTD,0,0,0,0,MYYEQKVQSTLMEQLDIHEYLHGPSTIPSTTHPITGEKIPVTLGHEFSGTIIEVGEGVTRLQVGDNVAIKPNLFDGGCAACLGGWVNCCDNLGFVGFSGSAGGLSDYVVVKEDRAVRLPEGFDLDLGALVEPLTVAWHAVNRSSIQNDHARTALVVGAGPIGLAVLLVLKARGIESVVVVEVSSQRRELASSLGATRVLDPRTADVVGTVRAMTGNAGADIAFECSAVQAGLDTALKGIRARGTMTILSLWSEKPAIDAFDVVLGEKHVVGSVIYEDGEFEAVIEAMWSGKLNPRALITSKIRMEDIVEKGFKTLIHGRDNQIKILVDISA
chr_302+CDS473|ORIG,0,0,0,0,MYYEQKVQSTLMEQLDIHEYLHGPSTIPSTTHPITGEKIPVTLGHEFSGTIIEVGEGVTRLQVGDNVAIKPNLFDGGAGGLSDYVVVKEDRAVRLPEGFDLDLGALVEPLTVAWHAVNRSSIQNDHARTALVVGAGPIGLAVLLVLKARGIESVVVVEVSSQRRELASSLGATRVLDPRTADVVGTVRAMTGNAGADIAFECSAVQAGLDTALKGIRARGTMTILSLWSEKPAIDAFDVVLGEKHVVGSVIYEDGEFEAVIEAMWSGKLNPRALITSKIRMEDIVEKGFKTLIHGRDNQIKILVDISA
chr_302+CDS595|TRUE,0,0,0,0,MPSTEINHTRGATPSPRCPFVEYERILEKNPILAPTGCTDKFCQAGRLIHSDEPKVGENRPLEVVQNEAVAFLWQLWQDGVYTEDCYLERRTQVLEEIARSAKQTIVWEQESKRVDTTSIWTQSPEELRYGLRLAWRNSRKCIMRSRYQELELCDLRHIHTSVGMATALLEEVTKAFNHGQIKPTVFVFPPKSVDGSGPMFWNKQVLNFAGYELEDGSIMGDPSNVKLTQDIVDLGWTPPRAKTRWDLLPIVAMAENDAPALVEVPDDLRRLIEIQHPDYPSFNELGLRWYQFPALSRLGFDIGGVQYTATPFIGWYMDAEIGVRNLADTFRFDALPEVVKAIGFDIDAYRAKSEYAEVQELEDLPDYEQLRWQSRAQAELNYAVRWSFLQQGVTCVGTLAASADWCQFDDEHAAKKGYRLNSDPYWLSPPQGSIVPVWHRGGAPNYQPKPMICRNRYDPVNSWQRRKGSTDADPVFLIRKGNEWVTKPLTSFLADIPSRKRRKLIESQKKEKPSTVHIYYCSQGTTARTLAERLHRRVKRNARGLQVTFGSLNALDLTQIEASDIILLVASTTGSGAFPANGADFAKAMGHFCESLKTDFSRVRLSVFGVGDSAYPNFNAAAITTYNLFHQLNVLPIAGGLIKADVASETLPLRMFNHWSDAVESALVGGKGELSSDPEESFVSHAEMLRNFGRATVISKTCSGADDGLITLTLDGIECADMAHLRLLPTNSASHVARAITALGISDPQLLMPFSSGALQQCSYGIFFTRFVDLEDRGKLPSWAIESNNNSGHEKESILERLEQFSVSLQPSQLSLELRHKICFGCPLLRPRAFSVASSSRYIGEKKVELLIKPHRRGRFSDIYLSTLQPGGSIEYAIVPASPASFLPAVQRPLVVISTGSGFAPVRSLLQQRIQIAREWGEESSTPHPFHTSPISLFAGFRLVDESIIHAVVDLAESYSLLDLACLVPSNPEKKRVQGYLLDKRDTIRAKLVEQEGYVYVCGSAAMTEGVRANLSEILAGEVKQIMGERYVEEVF
chr_302+CDS595|CRTD,0,0,0,0,MPSTEINHTRGATPSPRCPFVEYERILEKNPILAPTGCTDKFCQAGRLIHSDEPKVGENRPLEVVQNEAVAFLWQLWQDGVYTEDCYLERRTQVLEEIARSAKQTIVWEQESKRVDTTSIWTQSPEELRYGLRLAWRNSRKCIMRSRYQELELCDLRHIHTSVGMATALLEEVTKAFNHGQIKPTVFVFPPKSVDGSGPMFWNKQVLNFAGYELEDGSIMGDPSNVKLTQDIVDLGWTPPRAKTRWDLLPIVAMAENDAPALVEVPDDLRRLIEIQHPDYPSFNELGLRWYQFPALSRLGFDIGGVQYTATPFIGWYMDAEIGVRNLADTFRFDALPEVVKAIGFDIDAYRAKSEYAEVQELEDLPDYEQLRWQSRAQAELNYAVRWSFLQQGVTCVGTLAASADWCQFDDEHAAKKGYRLNSDPYWLSPPQGSIVPVWHRGGAPNYQPKPMICRNRYDPVNSWQRRKGSTDADPVFLIRKGNEWVTKPLTSFLADIPSRKRRKLIESQKKEKPSTVHIYYCSQGTTARTLAERLHRRVKRNARGLQVTFGSLNALDLTQIEASDIILLVASTTGSGAFPANGADFAKAMGHFCESLKTDFSRVRLSVFGVGDSAYPNFNAAAITTYNLFHQLNVLPIAGGLIKADVASETLPLRMFNHWSDAVESALVGGKGELSSDPEESFVSHAEMLRNFGRATVISKTCSGADDGLITLTLDGIECADMAHLRLLPTNSASHVARAITALGISDPQLLMPFSSGALQQCSYGIFFTRFVDLEDRGKLPSWAIESNNNSGHEKESILERLEQFSVSLQPSQLSLELRHKICFGCPLLRPRAFSVASSSRYIGEKKVELLIKPHRRGRFSDIYLSTLQPGGSIEYAIVPASPASFLPAVQRPLVVISTGSGFAPVRSLLQQRIQIAREWGEESSTPHPFHTSPISLFAGFRLVDESIIHAVVDLAESYSLLDLACLVPSNPEKKRVQGYLLDKRDTIRAKLVEQEGYVYVCGSAAMTEGVRANLSEILAGEVKQIMGERYVEEV
chr_302+CDS595|ORIG,0,0,0,0,MPSTEINHTRGATPSPRCPFVEYERILEKNPILAPTGCTDKFCQAGRLIHSDEPKVGENRPLEVVQNEAVAFLWQLWQDGVYTEDCYLERRTQVLEEIARSAKQTIVWEQESKRVDTTSIWTQSPEELRYGLRLAWRNSRKCIMRSRYQELELCDLRHIHTSVGMATALLEEVTKAFNHGQIKPTVFVFPPKSVDGSGPMFWNKQVLNFAGVCSPSLSPLAMPISTDVTGLRNPQYELEDGSIMGDPSNVKLTQDIVDLGWTPPRAKTRWDLLPIVAMAENDAPALVEVPDDLRRLIEIQHPDYPSFNELGLRWYQFPALSRLGFDIGGVQYTATPFIGWYMDAEIGVRNLADTFRFDALPEVVKAIGFDIDAYRAKSEYAEVQELEDLPDYEQLRWQSRAQAELNYAVRWSFLQQGVTCVGTLAASADWCQFDDEHAAKKGYRLNSDPYWLSPPQGSIVPVWHRGGAPNYQPKPMICRNRYDPVNSWQRRKGSTDADPVFLIRKGNEWVTKPLTSFLADIPSRKRRKLIESQKKEKPSTVHIYYCSQGTTARTLAERLHRRVKRNARGLQVTFGSLNALDLTQIEASDIILLVASTTGSGAFPANGADFAKAMGHFCESLKTDFSRVRLSVFGVGDSAYPNFNAAAITTYNLFHQLNVLPIAGGLIKADVASETLPLRMFNHWSDAVESALVGGKGELSSDPEESFVSHAEMLRNFGRATVISKTCSGADDGLITLTLDGIECADMAHLRLLPTNSASHVARAITALGISDPQLLMPFSSGALQQCSYGIFFTRFVDLEDRGKLPSWAIESNNNSGHEKESILERLEQFSVSLQPSQLSLELRHKICFGCPLLRPRAFSVASSSRYIGEKKVELLIKPHRRGRFSDIYLSTLQPGGSIEYAIVPASPASFLPAVQRPLVVISTGSGFAPVRSLLQQRIQIAREWGEESSTPHPFHTSPISLFAGFRLVDESIIHAVVDLAESYSLLDLACLVPSNPEKKRVQGYLLDKRDTIRAKLVEQEGYVYVCGSAAMTEGVRANLSEILAGEVKQIMGERYVEEVF
chr_401+CDS373|TRUE,0,0,0,0,MRVSSVNCRGLLHRRCSVRKPLQLAALPGRRGLLTTSYSRGPSEPPLLDTVIGEHFAKIVNQYGDRPAVICKQQNDRATYSSLDARSNALARGLESVGVRIGDRVGVMLGNSMEHAVATYALFKLGAILVPLNPSFNAIQVVSALAHLEASHLIISTESNLPRKDPRSNIPLLKHLIPDLSKTRIESELVPSLKSIISVDNSSGRVNTSSFNCLTAYNSLTSDATSDKSALPPRNLSPTDIVNIQFTSGTTAMPKAACLSHRSILNNGSQIGDRMRLTPEDVVCCPPPLFHCFGSVLGYMATATHGAAIAFPTEAFNAKAALRTVQEEKCTALYGVPTMFLEELNLLDEGEIPNEGFQYLRTGIAAGSSIPAELMKRLHKVLNLTELTICYGMTETSPVSAMTTTDDPIDKRINTVGRLLPHVEAKVVSLDNHNNILPINTRGELAVSGYLLMKEYWNDPVKTAEVMIADDDGKVWMHTGDEASMSPDGYITITGRVKDLIIRGGENIHPLEIENCLLTYPGVIDASAVGVPDERYGEAVAVFIIHREPESEAADEDKIRQWVREKLSNHLVPKYVFFLQPTESFPKTASGKVQKFKLREDALTILKEKNNIS
chr_401+CDS373|CRTD,0,0,0,0,MFCEEAPPVGSIAGKKGTVNHKLFSGSFRSKHAHVLFDQLGIVDTY*PDISLHC*TQ*SGSTLQRSSTSMAIDRLSSANNKMIERHILPLTPEAMPLRVVLNLSVSG*ETVWASC*GTPWNMLLQPMHCSSWARSWFHSIHHSTRFK*FPPWLI*KPAI**LAPNQTSPERTQGAIFHSLNT*SRTSPRPALSQN*FPH*RASSQSTTHLVASTPPALTV*QPTTHLPPTQHPTKAPYHLATYPQPT*STSNSHPERPQCLKQHV*VIDLFSTTAPKSATECALPQRTLYAVRPHYSTASDPY*DTWPPPPTAQPLHSQQKPSTQKQPSEPCKKKSALHFTAYRPCSSKSSIF*TKERSPTKASSTYVQASPPEVAYPRS**KDYTKS*ISLS*QSATE*QRPAPSLQ*PQQTIPLTNGSTPSEDYSRTLKQRL*A*IITIIFCPSILAAS*Q*ADTS**KSTGTTQ*KRQRS*LLMMTGKFGCIPATKPPCPQTATSPSRAV*KTSSSAAERTSTHWKSRIVS*RTPA*SMPLPWACPMSAMERRWLCSLSTGNLRAKLRMRIRSGSGFVKS*VTI*FQNTSSSCNQQSRSPRLQAARCRSSSSGKMLLRS*RRR
chr_401+CDS373|ORIG,0,0,0,0,MFCEEAPPVGSIAGKKGTVNHKLFSGSFRNTVIGEHFAKIVNQYGDRPAVICKQQNDRATYSSLDARSNALARGLESVGVRIGDRVGVMLGNSMEHAVATYALFKLGAILVPLNPSFNAIQVVSALAHLEASHLIISTESNLPRKDPRSNIPLLKHLIPDLSKTRIESELVPSLKSIISVDNSSGRVNTSSFNCLTAYNSLTSDATSDKSALPPRNLSPTDIVNIQFTSGTTAMPKAACLSHRSILNNGSQIGDRMRLTPEDVVCCPPPLFHCFGSVLGYMATATHGAAIAFPTEAFNAKAALRTVQEEKCTALYGVPTMFLEELNLLDEGEIPNEGFQYLRTGIAAGSSIPAELMKRLHKVLNLTELTICYGMTETSPVSAMTTTDDPIDKRINTVGRLLPHVEAKVVSLDNHNNILPINTRGELAVSGYLLMKEYWNDPVKTAEVMIADDDGKVWMHTGDEASMSPDGYITITGRVKDLIIRGGENIHPLEIENCLLTYPGVIDASAVGVPDERYGEAVAVFIIHREPESEAADEDKIRQWVREKLSNHLVPKYVFFLQPTESFPKTASGKVQKFKLREDALTILKEKNNIS
chr_401+CDS486|TRUE,0,0,0,0,MVIKGTQLDGVALVVGSGRGIGQQAAFSLAEAGARVIVFADMNTETATASAEESKQYATNPEYQSTHFTVNVTDQDGVQAMVDFIVEKFGRLDYAVNAAGVDNGVHTPFADTDIDNFDRVQTINARGMFLCCRAEAAAMRKQASRTFTSRTGTRDIGRGAIVNVCSANSFAGLPGKGSYTVSKHACMAVTKMVGLDHSAEGIRCNAVCPIWVRTPLLDVELERNPQVRAEIEAVIPIKRAAESDEVGDTIVYLLSPSASYVNATSLLLDAAVTATLRFH
chr_401+CDS486|CRTD,0,0,0,0,MVIKGTQLDGVALVVGSGRGIGQQAAFSLAEAGARVIVFADMNTETATASAEESKQYATNPEYQSTHFTVNVTDQDGVQAMVDFIVEKFGRLDYAVNAAGVDNGVHTPFADTDIDNFDRVQTINARGMFLCCRAEAAAMRKQASRTFTSRTGTRDIGRGAIVNVCSANSFAGLPGKGSYTVSKHACMAVTKMVGLDHSAEGIRCNAVCPIWVRTPLLDVELERNPQVRAEIEAVIPIKRAAESDEVGDTIVYLLSPSASYVNATSLLLDAAVTATLRFH
chr_401+CDS486|ORIG,0,0,0,0,MVIKGTQLDGVALVVGVRTTPTIIIITTSGRGIGQQAAFSLAEAGARVIVFADMNTETATASAEESKQYATNPEYQSTHFTVNVTDQDGVQAMVDFIVEKFGRLDYAVNAAGVDNGVHTPFADTDIDNFDRVQTINARGMFLCCRAEAAAMRKQASRTFTSRTGTRDIGRGAIVNVCSANSFAGLPGKGSYTVSKHACMAVTKMVGLDHSAEGIRCNAVCPIWVRTPLLDVELERNPQVRAEIEAVIPIKRAAESDEVGDTIVYLLSPSASYVNATSLLLDAAVTATLRFH
chr_401+CDS608|TRUE,0,0,0,0,MADGRHHNPALQPENFDASELTNAFEQLMRNKRFNQLQEQSRASSRTQSPAPAAMSPGLYPPHPSRAPPPPPPTAAQYPPQMPPQTSTQSPLLRNLPIVPAPPQDPASLKFRNLLHVLSVTPTKYENPGLLDEALAHIPLDRLYSEAEEESQIMQAQAASVGGKPEWGYQDCVIRALLRWFKNCFFKFVNNPPCARCGSPSIAQGMTPPSPDETARGATRVELYRCSEGMCGAYERFPRYSDVWQLLQTRRGRAGEWANCFSMFCRALGGRVRWVWNAEDHVWTEVYSEHQRRWVHVDACEEAWDQPRLYTEGWGRKISYCVAFSIDGATDVTRRYVRSPTRHGKARNRAPEEVLVWVIHEIRKKRRENLSKTDQRRLMKEDEREERELRAYTASALAAELNNLFPQNTPTGRPEDQKTPASRQDVPMEWLDTRQRNSGHSGPDGSHNGR
chr_401+CDS608|CRTD,0,0,0,0,MADGRHHNPALQPENFDASELTNAFEQLMRNKRFNQLQEQSRASSRTQSPAPAAMSPGLYPPHPSRAPPPPPPTAAQYPPQMPPQTSTQSPLLRNLPIVPAPPQDPASLKFRNLLHVLSVTPTKYENPGLLDEALAHIPLDRLYSEAEEESQIMQAQAASVGGKPEWGYQDCVIRALLRWFKNCFFKFVNNPPCARCGSPSIAQGMTPPSPDETARGATRVELYRCSEGMCGAYERFPRYSDVWQLLQTRRGRAGEWANCFSMFCRALGGRVRWVWNAEDHVWTEVYSEHQRRWVHVDACEEAWDQPRLYTEGWGRKISYCVAFSIDGATDVTRRYVRSPTRHGKARNRAPEEVLVWVIHEIRKKRRENLSKTDQRRLMKEDEREERELRAYTASALAAELNNLFPQNTPTGRPEDQKTPASRQDVPMEWLDTRQRNSGHSGPDGSHNGR
chr_401+CDS608|ORIG,0,0,0,0,MADGRHHNPALQPENFDASELTNAFEQLMRNKRFNQLQEQSRASSRTQSPAPAAMSPGLYPPHPSRAPPPPPPTAAQYPPQMPPQTSTQSPLLRNLPIVPAPPQDPASLKFRNLLHVLSVTPTKYENPGLLDEALAHIPLDRLYSEAEEESQIMQAQAASVGGKPEWGYQDCVIRALLRWFKNCFFKFVNNPPCARCGSPSIAQGMTPPSPDETARGATRVELYRCSEGMCGAYERFPRYSDVWQLLQTRRGRAGEWANCFSMFCRALGGRVRWVWNAEDHVWTEVYSEHQRRWVHVDACEEAWDQPRLYTEGWGRKISYCVAFSIDGATDVTRRYVRSPTRHGKARNRAPEEVLVWVIHEIRKKRRENLSKTDQRRLMKEDEREERELRAYTASALAAELNNLFPQNTPTGRPEDQKTPASRQDVPMEWLDTRQRNSGHSGPDGSHNGRDRSGLRVPARYNPTRPHNLAGPSLDGRHHDTRYTIGLRLLSDSHQRHRMFHDSLHPSIAKEHFRMDSNDTSAGVRAHVRTRIGSFLAQPRPRRPPRSAGCEYY
chr_401+CDS714|TRUE,0,0,0,0,MMRPFGSFTNPLRIKQRLKLPLTATYRMRTLFHRISAMLSTTTNYTEDSDSGSTTIKANSLKNYPTVDMNMTTNMKALDTMEGLAHPDQHHQLPHRPPTPPPPPASTSISTSTSTSIPTPPAPTTTHPPFPFPSPSPFTPHHPQYQQQQQQQQQQPPLYHFHPPKSVTWGPITEIPIYSPSPSPSPITSTQSSPSTSWIDLSSTTSCTAALASSSTFSPTIPNTSPPTAHPIIHHPLRPIRKPPTQLDNEMFHRNLYHMAQISTLRLSIVYDALSFLGGDFLDQVLLMEEGYLMQVAVMHARQAQQRDFARFSVAAGGGGGSVRGHGGDYNNGGFGVVIPRRPSPVKGGRVEKRKMRKMMKRRKASDVMGADFWEQVNEREEGYEIDEDEDMDRDSV
chr_401+CDS714|CRTD,0,0,0,0,MRTLFHRISAMLSTTTNYTEDSDSGSTTIKANSLKNYPTVDMNMTTNMKALDTMEGLAHPDQHHQLPHRPPTPPPPPASTSISTSTSTSIPTPPAPTTTHPPFPFPSPSPFTPHHPQYQQQQQQQQQQPPLYHFHPPKSVTWGPITEIPIYSPSPSPSPITSTQSSPSTSWIDLSSTTSCTAALASSSTFSPTIPNTSPPTAHPIIHHPLRPIRKPPTQLDNEMFHRNLYHMAQISTLRLSIVYDALSFLGGDFLDQVLLMEEGYLMQVAVMHARQAQQRDFARFSVAAGGGGGSVRGHGGDYNNGGFGVVIPRRPSPVKGGRVEKRKMRKMMKRRKASDVMGADFWEQVNEREEGYEIDEDEDMDRDSV
chr_401+CDS714|ORIG,0,0,0,0,MRTLFHRISAMLSTTTNYTEDSDSGSTTIKANSLKNYPTVDMNMTTNMKALDTMEGLAHPDQHHQLPHRPPTPPPPPASTSISTSTSTSIPTPPAPTTTHPPFPFPSPSPFTPHHPQYQQQQQQQQQQPPLYHFHPPKSVTWGPITEIPIYSPSPSPSPITSTQSSPSTSWIDLSSTTSCTAALASSSTFSPTIPNTSPPTAHPIIHHPLRPIRKPPTQLDNEMFHRNLYHMAQISTLRLSIVYDALSFLGGDFLDQVLLMEEGYLMQVAVMHARQAQQRDFARFSVAAGGGGGSVRGHGGDYNNGGFGVVIPRRPSPVKGGRVEKRKMRKMMKRRKASDVMGADFWEQVNEREEGYEIDEDEDMDRDSV
chr_402+CDS525|TRUE,0,0,0,0,MIMSDNKEVEVLENCHENDGCFDDPPPAYSSARNSCVSSEISLFTIEPDFAPEFTNDTRDLGNYCAADEDEKLRLSPDLASRTSAFIQAFMRPKVQARLVSVGLDEKESQHSPQTAQTRENIKPPPLDIVLMVVEESIRPFLAVAKQLSRDSHRVRIAAAASCEHLVRSQGLDFFAITYDHELPQSMHNMGGSQPSDEAQARRQYLRSIQESYYEVYHRCWRACIAPFDGDRRPFLADAIIANPMARAHIHCAERLSIPLHIMSALPQSPTRAFPHPHARVNPYDGVDQSTANVLSYAIVEESTWNVILKPINQFRQQVLGLMSISPVTAGRLVTDHEIPHTYFCSKVLVPRPNDWSSNHGISGYLFEQRDLSFTPRKELHHFLASGPAPIYIMLPENSIKNIYHLALMIQDAILKNGYRALLSRECRRLGELLNSDNVLVTQSVPFEWLLPRVAVIVHNGSQASTQLALQYGKPSVIIAPTENYLSTAQKIARIGAGASPLMSRTLTSEGLAQAITFCLRTDVQQSTQAIRRQVEEEAGLENAIRSFYRSFPSQVQTCGITKQCLAMYQIWNKPSLLVSSEAAAVLVQENRIKVTDIVLINRCVYKLQAEDSASSDSTAKEYWNGFTNAAKDIVSASDLVSMISGRQKDSPIDDERKVKRTVARDVGVGTAKFFGHIALLPFTSTALVVNTVTYGVKSVKKHQARGGKREEADVAASYDLSGDDDFDAAASKRSGAGSLGEGLGPNTMQRGNSNTGITTGIEGRIGTSATPTVSQIHLKNEEHLEAICRRHLDRGFKSPRISDAGFRERVLSAFDA
chr_402+CDS525|CRTD,0,0,0,0,MIMSDNKEVEVLENCHENDGCFDDPPPAYSSARNSCVSSEISLFTIEPDFAPEFTNDTRDLGNYCAADGKVLLTIPSS*TGGYIAYYRYTSPAQKMRNLGSAQTLRRAPLLSFRPLCDQKCRHD**AWA*TKRSLNILLKLPRQGKTLSLRLWTSC*WLLKRV*GPF*LWQNNFRETRIEFELLRLHLANTWSEVRDLISSP*PMTMSYPNPW*LLYVPSSEGQESQLTLLA*YGWFPTFRRGSGSAPISEEYSGIIL*SLSPVLEGLHCSFRWRPATFSGRRNHCKSHGPCPHPLR*TTFDPSSYHVSLASIPD*SISPSTCQGKPIRWGRPIYSQRTLLCHS*RIDMECYTQANQSVPTTSSGLDEHIPSHSGKARD*S*NSPHVFLFKSFGPTTK*LEQ*SR*GLLLL*SI*WRV*S**EP*GFRVIYSNNVIFLSPPEKSCTIFWLQVPHLSI*CYQKIALRIYTIWR**SKMLFSRMDTVPYCRGSVDALVSY*TVTTCSSRSLSRLSGYFPEWLL*YTMEAKPAHSWLCSTGSQA*SSPPQKITCQLHRKLPELELALRP**AGRLPLKGWHRR*RFVSVQMFNSRLRPFGDK*RKRQDLRMLFDPSIAPSLRRYRHAVSPNNV*PCIKSGTNHRSWYRPKQLQSWYRRTGSKSLISC*STVAYTSYKQKTLPHLIVLPRNTGMDSLMRQRI**ALQTLLA*YPAVKRTAQ*TMRGKSNGLSLVMLVSAPQNSLGTLPCCHSRAL
chr_402+CDS525|ORIG,0,0,0,0,MIMSDNKEVEVLENCHENDGCFDDPPPAYSSARNSCVSSEISLFTIEPDFAPEFTNDTRDLGNYCAADEDEKLRLSPDLASRTSAFIQAFMRPKVQARLVSVGLDEKESQHSPQTAQTRENIKPPPLDIVLMVVEAVAKQLSRDSHRVRIAAAASCEHLVRSQGLDFFAITYDHELPQSMHNMGGSQPSDEAQARRQYLRSIQESYYEVYHRCWRACIAPFDGDRRPFLADAIIANPMARAHIHCAERLSIPLHIMSALPQSPTRAFPHPHARVNPYDGVDQSTANVLSYAIVEESTWNVIKNIYHLALMIQDAILKNGYRALLSRECRRLGELLNSDNVLVTQSVPFEWLLPRVAVIVHNGSQASTQLALQYGKPSVIIAPTENYLSTAQKIARIGAGASPLMSRTLTSEGLAQAITFCLRTDVQQSTQAIRRQVEEEAGLENAIRSFYRSFPSQVQTCGITKQCLAMYQIWNKPSLLVSSEAAAVLVQENRIKVTDIVLINRCVYKLQAEDSASSDSTAKEYWNGFTNAAKDIDSPIDDERKVKRTVARDVGVGTAKFFGHIALLPFTMNTVTYGVKSVKKHQARGGKREEADVAASYDLSGDDDFDAAASKRSGAGSLGEGLGPNTMQRGNSNTGITTGIEGRIGTSATPTVSQIHLKNEEHLEAICRRHLDRGFKSPRISDAGFRERVLSAFDA
chr_402+CDS661|TRUE,0,0,0,0,MQTPDEHPQSDFLNPFGVSDREHPVSPGSTRTSISSIRPSSPTDMASTLSPDRLRVRSDTRTSAQSLDGETLRPRADSTISSADTAVRSRANSEATNAPTKMEYDDVSVADALNPDPRNEQDFIVPDNKFAFSPGQLNKMQNPKSLAAFQALGGMQGLERGLRTDLTSGLSVDETLLEGSISFSEATSPDYASFKETAPPHINAPITESSTQFQDRIGVFCQNRLPARKSTGFLKLFWQAYNDKIIILLTIAAIVSLSLGIYETTSEGSGVDWIEGVAICVAILIVTIVTAANDWQKERQFAKLNKRNNDREVKAVRSGKVSMISIHDITVGDILHVEPGDSIPADGVLVSGHGIKCDESSATGESDQMKKTDGHEVGRLIMNGKATKKLDPFMISGSKVLEGVGTYLVTSVGPYSTYGRILLSLQESNDPTPLQVKLGRLANWIGWLGSGAAIILFFALFFRFVADLSHNSATPAAKGKEFVDILIVAVTVIVVAIPEGLPLAVTLALAFATTRMVKENNLVRVLRACETMGNATVICSDKTGTLTQNKMTVVAGTLGSKSFKHTPGEERSSDVSTPAEFFKQYSGKQRDLILHSIALNSTAFEEEKDGSKEFIGSKTEVALLQMAKDHLGLDVTAERASAEVVQLIPFDSARKCMGVVYREPTMGYRLLVKGAAEIMVGSCTTQMVETDSSHGQISIDALHEGNRQAILSTVEAYAGQSLRTIGLVYRDFSSWPPKDARCIEDDPASAKFEDVFREMTWIGVVGIQDPLRPEVPAAIQKCHAAGVQVKMVTGDNIVTATAIASSCGIKTEDGIVMEGPKFRQLSDDEMDRVIPRLQVLARSSPEDKRILVARLKKLGETVAVTGDGTNDGPALRTADVGFSMGIAGTEVAKEASSIILLDDNFKSIVTAIAWGRAVNDAVAKFLQFQITVNITAVVLTFVSSLYSSENKSVLNAVQLLWVNLIMDTFAALALATDAPTEKILNRKPVPKSASLFTVIMWKMILGQALYQLAITFMLYFGGNHIIGSRLGTEDPQTVLNTIVFNTFVWMQIFNEFNNRRLDNKFNIFEGMFRNYWFLGINCIMVGGQIMIIFVGGEAFGVTRLDGIQWAICIICALGCLPWAVVLRTVPDGPCQVALDFVVRCMNFIFKPIGRAMSHLAAMIRSCLRPVKRTAQRVVKRGAKEEQEMTTDALPDEEAGTASLHEVKRETTPDIPVTSIPVPPITITTS
chr_402+CDS661|CRTD,0,0,0,0,MQTPDEHPQSDFLNPFGVSDREHPVSPGSTRTSISSIRPSSPTDMASTLSPDRLRVRSDTRTSAQSLDGETLRPRADSTISSADTAVRSRANSEATNAPTKMEYDDVSVADALNPDPRNEQDFIVPDNKFAFSPGQLNKMQNPKSLAAFQALGGMQGLERGLRTDLTSGLSVDETLLEGSISFSEATSPDYASFKETAPPHINAPITESSTQFQDRIGVFCQNRLPARKSTGFLKLFWQAYNDKIIILLTIAAIVSLSLGIYETTSEGSGVDWIEGVAICVAILIVTIVTAANDWQKERQFAKLNKRNNDREVKAVRSGKVSMISIHDITVGDILHVEPGDSIPADGVLVSGHGIKCDESSATGESDQMKKTDGHEVGRLIMNGKATKKLDPFMISGSKVLEGVGTYLVTSVGPYSTYGRILLSLQESNDPTPLQVKLGRLANWIGWLGSGAAIILFFALFFRFVADLSHNSATPAAKGKEFVDILIVAVTVIVVAIPEGLPLAVTLALAFATTRMVKENNLVRVLRACETMGNATVICSDKTGTLTQNKMTVVAGTLGSKSFKHTPGEERSSDVSTPAEFFKQYSGKQRDLILHSIALNSTAFEEEKDGSKEFIGSKTEVALLQMAKDHLGLDVTAERASAEVVQLIPFDSARKCMGVVYREPTMGYRLLVKGAAEIMVGSCTTQMVETDSSHGQISIDALHEGNRQAILSTVEAYAGQSLRTIGLVYRDFSSWPPKDARCIEDDPASAKFEDVFREMTWIGVVGIQDPLRPEVPAAIQKCHAAGVQVKMVTGDNIVTATAIASSCGIKTEDGIVMEGPKFRQLSDDEMDRVIPRLQVLARSSPEDKRILVARLKKLGETVAVTGDGTNDGPALRTADVGFSMGIAGTEVAKEASSIILLDDNFKSIVTAIAWGRAVNDAVAKFLQFQITVNITAVVLTFVSSLYSSENKSVLNAVQLLWVNLIMDTFAALALATDAPTEKILNRKPVPKSASLFTVIMWKMILGQALYQLAITFMLYFGGNHIIGSRLGTEDPQTVLNTIVFNTFVWMQIFNEFNNRRLDNKFNIFEGMFRNYWFLGINCIMVGGQIMIIFVGGEAFGVTRLDGIQWAICIICALGCLPWAVVLRTVPDGPCQVALDFVVRCMNFIFKPIGRAMSHLAAMIRSCLRPVKRTAQRVVKRGAKEEQEMTTDALPDEEAGTASLHEVKRETTPDIPVTSIPVPPITITTS
chr_402+CDS661|ORIG,0,0,0,0,MQTPDEHPQSDFLNPFGVSDREQHPVSPGSTRTSISSIRPSSPTDMASTLSPDRLRVRSDTRTSAQSLDGETLRPRADSTISSADTAVRSRANSEATNAPTKMEYDDVSVADALNPDPRNEQDFIVPDNKFAFSPGQLNKMQNPKSLAAFQALGGMQGLERGLRTDLTSGLSVDETLLEGSISFSEATSPDYASFKETAPPHINAPITESSTQFQDRIGVFCQNRLPARKSTGFLKLFWQAYNDKIIILLTIAAIVSLSLGIYETTSEGSGVDWIEGVAICVAILIVTIVTAANDWQKERQFAKLNKRNNDREVKAVRSGKVSMISIHDITVGDILHVEPGDSIPADGVLVSGHGIKCDESSATGESDQMKKTDGHEVGRLIMNGKATKKLDPFMISGSKVLEGVGTYLVTSVGPYSTYGRILLSLQESNDPTPLQVKLGRLANWIGWLGSGAAIILFFALFFRFVADLSHNSATPAAKGKEFVDILIVAVTVIVVAIPEGLPLAVTLALAFATTRMVKENNLVRVLRACETMGNATVICSDKTGTLTQNKMTVVAGTLGSKSFKHTPGEERSSDVSTPAEFFKQYSGKQRDLILHSIALNSTAFEEEKDGSKEFIGSKTEVALLQMAKDHLGLDVTAERASAEVVQLIPFDSARKCMGVVYREPTMGYRLLVKGAAEIMVGSCTTQMVETDSSHGQISIDALHEGNRQAILSTVEAYAGQSLRTIGLVYRDFSSWPPKDARCIEDDPASAKFEDVFREMTWIGVVGIQDPLRPEVPAAIQKCHAAGVQVKMVTGDNIVTATAIASSCGIKTEDGIVMEGPKFRQLSDDEMDRVIPRLQVLARSSPEDKRILVARLKKLGETVAVTGDGTNDGPALRTADVGFSMGIAGTEVAKEASSIILLDDNFKSIVTAIAWGRAVNDAVAKFLQFQITVNITAVVLTFVSSLYSSENKSVLNAVQLLWVNLIMDTFAALALATDAPTEKILNRKPVPKSASLFTVIMWKMILGQALYQLAITFMLYFGGNHIIGSRLGTEDPQTVLNTIVFNTFVWMQIFNEFNNRRLDNKFNIFEGMFRNYWFLGINCIMVGGQIMIIFVGGEAFGVTRLDGIQWAICIICALGCLPWAVVLRTVPDGPCQVALDFVVRCMNFIFKPIGRAMSHLAAMIRSCLRPVKRTAQRVVKRGAKEEQEMTTDALPDEEAGTASLHEVKRETTPDIPVTSIPVPPITITTS
chr_402+CDS775|TRUE,0,0,0,0,MVLIDKHEYVSQEERRLREDREHSRYWKRWGPYVAERQWATVREDYSENGDAWSYFSHDHARSRTFRWGEDGIAGVSDTHNLQNIAFAFWNEKDDFLKERLFGLSNPQGNHGESIKEAHFHVDNTPTHSYMKYLYKYPQKKFPYKELVEENSKRSRQDREYQILDTGIFDDNRYWDIFIETAKEEDDEEELLFRIIAYNRGPEPAPLHIIPHVWFRNTWSWGYEDQKEKPSVEKVHPMIAKTSHHKLGERYVQFSPSPPVGDGQDDVFPQMLFTENETNNELLWNTKNSQPYVKDAFHRLIVNGEKDTVNPANKGTKFAAWYAFNEGEGVPPGECAVVRFRFSRQRGTFLDEEVLDNVIDERRTEADDFYYHISPLPMSDDLRNIQRQAFSGMLWNKQFYHFVWDQWSNGDPGLIPPPPGRKHVRNQQWKHLYMEDILSMPDSWEYPFFCAWDTAFHCIPLAMIDPDFAKRQLDVLTREWYMHPNGQLSAYEWNFGDVNPPVHAWATFRTFKIERKMYGRQDLDFLERVFQKLLLNFTWWVNRKDSEGKNVFEGGFLGLDNIGLFNRSEPLPTGGVLEQADSTGWMAFYCLCMLNIALELAKHRRIYEDIASKFFEHFILISDAMTFKSGGQETSLWNEDDGFYYDAISYGDPWTQQLPVRSLVGLIPLYAVLTLEPELINKFPSFKKRLEWFVENRQDVAERNIASMKHRGKDERLLLSLVSKSRLEQILKRMLDETEFLSEHGIRSMSKHHEEHPYSMEVNGQMFRVSYVPGESDSALFGGNSNWRGPVWLCVNFLLVESLLRFYMFYGDSFKVECPTGSGDYMHLGHVAEEIQHRLQHLFARNDEGRRAVYNGSDLLDFDEHWKDYMWFHEYFDGDTGRGLGASHQCGWTGLIAKIIHDTGINCRVPQTPRSPFAAASHYFDDIFSRTARPRGSRRPSVRRSSTSRSIGNRSDFESAFTGRDTPGPESALDDDEKLGESGLGFGDDDHVSQYVESQLERVRSRASMGAYEDEFEAQADRVPNGH
chr_402+CDS775|CRTD,0,0,0,0,MVLIDKHEYVSQEERRLREDREHSRYWKRWGPYVAERQWATVREDYSENGDAWSYFSHDHARSRTFRWGEDGIAGVSDTHNLQNIAFAFWNEKDDFLKERLFGLSNPQGNHGESIKEAHFHVDNTPTHSYMKYLYKYPQKKFPYKELVEENSKRSRQDREYQILDTGIFDDNRYWDIFIETAKEEDDEEELLFRIIAYNRGPEPAPLHIIPHVWFRNTWSWGYEDQKEKPSVEKVHPMIAKTSHHKLGERYVQFSPSPPVGDGQDDVFPQMLFTENETNNELLWNTKNSQPYVKDAFHRLIVNGEKDTVNPANKGTKFAAWYAFNEGEGVPPGECAVVRFRFSRQRGTFLDEEVLDNVIDERRTEADDFYYHISPLPMSDDLRNIQRQAFSGMLWNKQFYHFVWDQWSNGDPGLIPPPPGRKHVRNQQWKHLYMEDILSMPDSWEYPFFCAWDTAFHCIPLAMIDPDFAKRQLDVLTREWYMHPNGQLSAYEWNFGDVNPPVHAWATFRTFKIERKMYGRQDLDFLERVFQKLLLNFTWWVNRKDSEGKNVFEGGFLGLDNIGLFNRSEPLPTGGVLEQADSTGWMAFYCLCMLNIALELAKHRRIYEDIASKFFEHFILISDAMTFKSGGQETSLWNEDDGFYYDAISYGDPWTQQLPVRSLVGLIPLYAVLTLEPELINKFPSFKKRLEWFVENRQDVAERNIASMKHRGKDERLLLSLVSKSRLEQILKRMLDETEFLSEHGIRSMSKHHEEHPYSMEVNGQMFRVSYVPGESDSALFGGNSNWRGPVWLCVNFLLVESLLRFYMFYGDSFKVECPTGSGDYMHLGHVAEEIQHRLQHLFARNDEGRRAVYNGSDLLDFDEHWKDYMWFHEYFDGDTGRGLGASHQCGWTGLIAKIIHDTGINCRVPQTPRSPFAAASHYFDDIFSRTARPRGSRRPSVRRSSTSRSIGNRSDFESAFTGRDTPGPESALDDDEKLGESGLGFGDDDHVSQYVESQLERVRSRASMGAYEDEFEAQADRVPNGH
chr_402+CDS775|ORIG,0,0,0,0,MVLIDKHEYVSQEERRLREDREHSRYWKRWGPYVAERQWATVREDYSTFRWGEDGIAGVSDTHNLQNIAFAFWNEKDDFLKERLFGLSNPQGNHGESIKEAHFHVDNTPTHSYMKYLYKYPQKKFPYKELVEENSKRSRQDREYQILDTGIFDDNRYWDIFIETAKEEDDEEELLFRIIAYNRGPEPAPLHIIPHVWFRNTWSWGYEDQKEKPSVEKVHPMIAKTSHHKLGERYVQFSPSPPVGDGQDDVFPQMLFTENETNNELLWNTKNSQPYVKDAFHRLIVNGEKDTVNPANKGTKFAAWYAFNEGEGVPPGECAVVRFRFSRQRGTFLDEEVLDNVIDERRTEADDFYYHISPLPMSDDLRNIQRQAFSGMLWNKQFYHFVWDQWSNGDPGLIPPPPGRKHVRNQQWKHLYMEDILSMPDSWEYPFFCAWDTAFHCIPLAMIDPDFAKRQLDVLTREWYMHPNGQLSAYEWNFGDVNPPVHAWATFRTFKIERKMYGRQDLDFLERVFQKLLLNFTWWVNRKDSEGKNVFEGGFLGLDNIGLFNRSEPLPTGGVLEQADSTGWMAFYCLCMLNIALELAKHRRIYEDIASKFFEHFILISDAMTFKSGGQETSLWNEDDGFYYDAISYGDPWTQQLPVRSLVGLIPLYAVLTLEPELINKFPSFKKRLEWFVENRQDVAERNIASMKHRGKDERLLLSLVSKSRLEQILKRMLDETEFLSEHGIRSMSKHHEEHPYSMEVNGQMFRVSYVPGESDSALFGGNSNWRGPVWLCVNFLLVESLLRFYMFYGDSFKVECPTGSGDYMHLGHVAEEIQHRLQHLFARNDEGRRAVYNGSDLLDFDEHWKDYMWFHEYFDGDTGRGLGASHQCGWTGLIAKIIHDTGINCRVPQTPRSPFAAASHYFDDIFSRTARPRGSRRPSVRRSSTSRSIGNRSDFESAFTGRDTPGPESALDDDEKLGESGLGFGDDDHVSQYVESQLERVRSRASMGAYEDEFEAQADRVPNGH
chr_402+CDS78|TRUE,0,0,0,0,MSTNDVKASPEALISKFEVSRLLKQDQSGRRIAILGTIDGQQGILIAERAAFATETPEALQAFHAAITDVNNLGDNDIYRWYLASSHSAPGSQQPPDLKINLIWPCTESHIKKYSEQVVRMVTETPEIYRDSIRPYMSAKREEGRLNWVFNILEGRTEQEDVILRDKGHDGNEEGGFLVLPDLNWDRKTMGSLHLLALVMRRDIWSLRDLKKKHIPWLKYLRERLLEETVRVYPQLETDQLKLYVHYQPTYYHFHVHIVNVMLEAGATQATGKAFGLENIISQLETLDGDEEAGMADVSLTYFLGEASELWSNVFGPLKRGEKPLPN
chr_402+CDS78|CRTD,0,0,0,0,MSTNDVKASPEALISKFEVSRLLKQDQSGRRIAILGTIDGQQGILIAERAAFATETPEALQAFHAAITDVNNLGDNDIYRWYLASSHSAPGSQQPPDLKINLIWPCTESHIKKYSEQVVRMVTETPEIYRDSIRPYMSAKREEGRLNWVFNILEGRTEQEDVILRDKGHDGNEEGGFLVLPDLNWDRKTMGSLHLLALVMRRDIWSLRDLKKKHIPWLKYLRERLLEETVRVYPQLETDQLKLYVHYQPTYYHFHVHIVNVMLEAGATQATGKAFGLENIISQLETLDGDEEAGMADVSLTYFLGEASELWSNVFGPLKRGEKPLPN
chr_402+CDS78|ORIG,0,0,0,0,MSTNDVKASPEALISKFEPTDQSGRRIAILGTIDGQQGILIAERAAFATETPEALQAFHAAITDVNNLGDNDIYRWYLASSHSAPGSQQPPDLKINLIWPCTESHIKKYSEQVVRMVTETPEIYRDSIRPYMSAKREEGRLNWVFNILEGRTEQEDVILRDKGHDGNEEGGFLVLPDLNWDRKTMGSLHLLALVMRRDIWSLRDLKKKHIPWLKYLRERLLEETVRVYPQLETDQLKLYVHYQPTYYHFHVHIVNVMLEAGATQATGKAFGLENIISQLETLDGDEEAGMADVSLTYFLGEASELWSNVFGPLKRGEKPLPN
chr_402+CDS898|TRUE,0,0,0,0,MTRTYEDAIRLLETRRRRGRPRMSPSVQTDALPADFTSTVRGIPSLHGMSEWLQILGHSIQETDVSRLNIVHVTGTKGKGSTCEFTRSILHAHGLRTGFPSKIGLYTSPHIQCIRERIQINNKPVPKNLFTKYFFEVWDTLMDPKAQNTDPKQQPPRYLQFLALLAFHTFIRENVDAAIFEVHHGGEFDAMNVIQNPVVTGITSIGLDHVTQLGPTVESIAWHKSGIFKSSAPALSVPQEDRPTEVLHARAAEKNTSLTIVSLNPSLPTNSRVLSIPVQRLNCSLALKLAKTFLEAKAPGHELEPEDISTAVRDISLPGRFEIIEDPDGQTQWFVDGAHNTLSLKKAAEWYSDLTKGSGLQKYRILIFSHFSKDRDGLALLECLAESLAERDALPDHVIFTTYIEREDELTKMDKDALPTSLLDLSVLPLFAEKWKELFPQSMSSISTKETIEEAIETARSINAQQDNASQVLITGCFYLVGGALNILRL
chr_402+CDS898|CRTD,0,0,0,0,EECIAEFTVESRNQMTRTYEVRCQHPYHLLPLTTAAGCHQTPGNAQASWPTKDEPFCTNRCTASRLHQHCARYPESAWNERVATDPRTLRNRCIPFKHSPRHRHKRQRQHMRIYSFYPTCTWLEDRLSQ*NRTLHITSYTMHPRKNPNQQQTRPQEPLHKIFLRSMGYAHGSQSPKHRSKTTATSLPAIPRPARFPHLHPRKR*RRNIRSPSWW*VRRYERDPEPRRHRHHFHRAGPRYTARPYGRIHCLA*VRNLQIQCTCIIRSAGR*AHRGPARSCCGEEYIIDHRLAKSQPPH*Q*GAEYSSPATKLLPSPQASQDIPGSQGTWS*TRARGHIHRGERYLSARKIRDYRGPRRTNAVVRGRRT*HA*S*ESRGVVFRSHQGFRVAKIPNPNIQPLLQRPRRPSPSRMLSRVS
chr_402+CDS898|ORIG,0,0,0,0,MTRTYEQDAIRLLETRRRRGRPRMSPSVQTDALPADFTSTVRGIPSLHGMSEWLQILGHSETDVSRLNIVHVTGTKGKGSTCEFTRSILHAHGLRTGFPSKIGLYTSPHIQCIRERIQINNKPVPKNLFTKYFFEVWDTLMDPKAQNTDPKQQPPRYLQFLALLAFHTFIRENVDAAIFEVHHGGEFDAMNVIQNPVVTGITSIGLDHVTQLGPTVESIAWHKSGIFKSSAPALSVPQEDRPTEVLHARAAEKNTSLTIVSLNPSLPTNSRVLSIPVQRLNCSLALKLAKTFLEAKAPGHELEPEDISTAVRDISLPGRFEIIEDPDGQTQWFVDGAHNTLSLKKAAEWYSDLTKGSGLQKYRILIFSHFSKDRDGLALLECLAESLAERDALPDHVIFTTYIEREDELTKMDKGQERYSCMNLQYPVSY
chr_501+CDS78|TRUE,0,0,0,0,MAHNLSIAGVQLELSQATAGFEYYDSRFLNITGNAPKLEVLLENNDFPFAHEASVFIPSTDELFMSSNIFTDPLTNQSTIEISKVSLSTNPVTSEIINTTIPLPNGGINHDSGILFCGQGTLNKSGGLFQMSIDPPYESKLLISGFYGREFNSLNDVVVHSDGSIWFTDPTYGYEQGIRPAPQLPNQVYRYDPSTGDVRVIADGFGRPNGIAFSPDEKVVYITDTAYTVGDGTTDPTKPSTIYAFDITNYHGQPFLTNRRVFAMVANGIPDGIKTDMEGNVYAGCGDGVNVWSPGGVLLGKIYIKSGVANFSFGRNGQMFIMNENKLLSAQLGHWVRGSLLKI
chr_501+CDS78|CRTD,0,0,0,0,MAHNLSIAGVQLELSQATAGFEYYDSRFLNITGNAPKLEVLLENNDFPFAHEASVFIPSTDELFMSSNIFTDPLTNQSTIEISKVSLSTNPVTSEIINTTIPLPNGGINHDSGILFCGQGTLNKSGGLFQMSIDPPYESKLLISGFYGREFNSLNDVVVHSDGSIWFTDPTYGYEQGIRPAPQLPNQVYRYDPSTGDVRVIADGFGRPNGIAFSPDEKVVYITDTAYTVGDGTTDPTKPSTIYAFDITNYHGQPFLTNRRVFAMVANGIPDGIKTDMEGNVYAGCGDGVNVWSPGGVLLGKIYIKSGVANFSFGRNGQMFIMNENKLLSAQLGHWVRGSLLKI
chr_501+CDS78|ORIG,0,0,0,0,MAHNLSIAGVQLELSQATAGFEYYDSRFLNITGNAPKLEVLLENNDFPFAHEASVFIPSTDELFMSSNIFTDPLTNQSTIEISKVSLSTNPVTSEIINTTIPLPNGGINHDSGILFCGQGTLNKSGGLFQMSIDPPYESKLLISGFYGREFNSLNDVVVHSDGSIWFTDPTYGYEQGIRPAPQLPNQVYRYDPSTGDVRVIADGFGRPNGIAFSPDEKVVYITDTAYTVGDGTTDPTKPSTILADMEPSSYAFDITNYHGQPFLTNRRVFAMVANGIPDGIKTDMEGNVYAGCGDGVNVWSPGGVLLGKIYIKSGVANFSFGRNGQMFIMNENKLLSAQLGHWVRGSLLKI
chr_502+CDS151|TRUE,0,0,0,0,MNKHHSNLHRNNIRAADLQTSIDPLRDPQRAPRVSLPHVETELNMHQYNGLFEIGTSERQKASAAEESSTETVVAPSSNGTNGIHNSISGDVPATEWSSAVGHAATGKSGRVIHNLQEEVARLTRDCSVYRSRAEETQRMNDAFKIQVQNMTERLRNLEQANETNLHSISRKDKKIEELRLEIQGEKDRRSQAEGEARKTTQLMDEARDDFHRKCAELQEISHHSRTQYDVLAKTGQRERAEHLKKLKVLRDDFVALKKRSDEKDSHVERLDELMAEKDRELESSRQKFEALFAEYEAYKRTQDEELRSLIESGREGEAKINAALAALQETQGQMKWAIQVKQQIKDAE
chr_502+CDS151|CRTD,0,0,0,0,MARFGRVKKSPKAGTKNADSDMLVLPTSDPQRAPRVSLPHVETELNMHQYNGLFEIGTSERQKASAAEESSTE
chr_502+CDS151|ORIG,0,0,0,0,MARFGRVKKSPKAGTKNADSDMLVLPTSDPQRAPRVSLPHVETELNMHQYNGLFEIGTSERQKASAAEESSTETVVAPSSNGTNGIHNSISGDVPATEWSSAVGHAATGKSGRVIHNLQEEVARLTRDCSVYRSRAEETQRMNDAFKIQVQNMTERLRNLEQANETNLHSISRKDKKIEELRLEIQGEKDRRSQAEGEARKTTQLMDEARDDFHRKCAELQEISHHSRTQYDVLAKTGQRERAEHLKKLKVLRDDFVALKKRSDEKDSHVERLDELMAEKDRELESSRQKFEALFAEYEAYKRTQDEELRSLIESGREGEAKINAALAALQETQGQMKWAIQVKQQIKDAE
chr_502+CDS25|TRUE,0,0,0,0,MVLTLQQRPTASDHKFPTVQLFLLSICRVAEPIALTSIFPYSWVMVRDFHVADTNSASFYAGILVSAFSLCEALTGMFWGGLSDRVGRKPVLISGCFGTMLSLLIVGFASNFWVALFGRALGGILNGNIGVIQTMVGELVKNPEHEPRAYAVMPFVWSIGTIIGPAIGGLLAKPAEGFPSLFSMNGLFGKFPYLLPNLVCSGLLLCSIISSWILLEETHPDMQPCRMPDDLDHPSVERPLLATAGATANAGADLRAESYGTFNQVHLHEDEDWTVYADGSKPESTSQKPTIFTWRVTMLIIALAIFTYHSMTYDHLLPIFLQDKNASSISALSNSAFRFPGGVGLSTRTVGLIMSSDGIIALVIQSLIFPFLAQRLGVWRLFVVVTILHPLAYFIVPFLIFLPSQHVIFGIYTCLVVRNILSIIDYPVLLILIKQASPSDSVLGKINGLAASAGAFSRTMAPPIAGFLYSTGSKIDFTALAWWGSTFVAVIGAVQLFFIEQKKHASITVQPAAHCHYASHTTPVKDETVHIIVTDVDSDGTGHV
chr_502+CDS25|CRTD,0,0,0,0,MVLTLQQRPTASDHKFPTVQLFLLSICRVAEPIALTSIFPYSWVMVRDFHVADTNSASFYAGILVSAFSLCEALTGMFWGGLSDRVGRKPVLISGCFGTMLSLLIVGFASNFWVALFGRALGGILNGNIGVIQTMVGELVKNPEHEPRAYAVMPFVWSIGTIIGPAIGGLLAKPAEGFPSLFSMNGLFGKFPYLLPNLVCSGLLLCSIISSWILLEETHPDMQPCRMPDDLDHPSVERPLLATAGATANAGADLRAESYGTFNQVHLHEDEDWTVYADGSKPESTSQKPTIFTWRVTMLIIALAIFTYHSMTYDHLLPIFLQDKNASSISALSNSAFRFPGGVGLSTRTVGLIMSSDGIIALVIQSLIFPFLAQRLGVWRLFVVVTILHPLAYFIVPFLIFLPSQHVIFGIYTCLVVRNILSIIDYPVLLILIKQASPSDSVLGKINGLAASAGAFSRTMAPPIAGFLYSTGSKIDFTALAWWGSTFVAVIGAVQLFFIEQKKHASITVQPAAHCHYASHTTPVKDETVHIIVTDVDSDGTGHV
chr_502+CDS25|ORIG,0,0,0,0,MVLTLQQRPTASDHKFPTVQLFLLSICRVAEPIALTSIFPYSWVMVRDFHVADTNSASFYAGILVSAFSLCEALTGMFWGGLSDRVGRKPVLISGCFGTMLSLLIVGFASNFWVALFGRALGGILNGNIGVIQTMVGELVKNPEHERKNILVSPVCGARAYAVMPFVWSIGTIIGPAIGGLLAKPAEGFPSLFSMNGLFGKFPYLLPNLVCSGLLLCSIISSWILLEETHPDMQPCRMPDDLDHPSVERPLLATAGATANAGADLRAESYGTFNQVHLHEDEDWTVYADGSKPESTSQKPTIFTWRVTMLIIALAIFTYHSMTYDHLLPIFLQDKNASSISALSNSAFRFPGGVGLSTRTVGLIMSSDGIIALVIQSLIFPFLAQRLGVWRLFVVVTILHPLAYFIVPFLIFLPSQHVIFGIYTCLVVRNILSIIDYPVLLILIKQASPSDSVLGKINGLAASAGAFSRTMAPPIAGFLYSTGSKIDFTALAWWGSTFVAVIGAVQLFFIEQKKHASITVQPAAHCHYASHTTPVKDETVHIIVTDVDSDGTGHV
chr_502+CDS259|TRUE,0,0,0,0,MSPPSLSIPATPTVAETLHLWKKRFDKRHLSTNPVIATLDIEYNELVQSWKRFQDNLLPNDRVLFHERLQNPDDVLDVVASIEPVWTSTSGQRVLRECCDEFRSTLGSHGRLLAVLPRNELYCSLFYGVLQSLLKASAGYPRILEGLFKALVQINRLIAPPALGEAVPATKDSINAISRFYTLLFFFLGEVMDWYVRKAKCGLLRSPNQDVYRAFQRLIGQIRRSAKSMMHDLTDAMDVDDADCDSLCEMAHDDYRGWFERARLSQVGLQNGARRFAAQNALTRQLMWEIHQDAVERKRLLQDREVLLARLLDTVSLQLQSVSRQNSGIACLTTTASQDLDTDRFNLMKGGHKHKYTRMELQMASQKLEDFFDADDQIPALEFDVPVIAEDNVMTSLKQWATDAHSQVLAVGGPQSTVYPSPVLLVSTCYASFARKAGLPVISHFCNRSTDAANELTYEQHLIALAYSLIRQLIEYLPPVVESHAGCDLSGERFKPLNGTLTSWKEVLSLIDILLHFAPPLLVCVIHGLDIIQDASTDPYIRSLVRTFLTHTRHQPVLLPNGEQSQSVLLKVLFTVAGRPISLVETLSENQLILRESNTTEELAPTDAALDADVGPPVMIA
chr_502+CDS259|CRTD,0,0,0,0,MSPPSLSIPATPTVAETLHLWKKRFDKRHLSTNPVIATLDIEYNELVQSWKRFQDNLLPNDRVLFHERLQNPDDVLDVVASIEPVWTSTSGQRVLRECCDEFRSTLGSHGRLLAVLPRNELYCSLFYGVLQSLLKASAGYPRILEGLFKALVQINRLIAPPALGEAVPATKDSINAISRFYTLLFFFLGEVMDWYVRKAKCGLLRSPNQDVYRAFQRLIGQIRRSAKSMMHDLTDAMDVDDADCDSLCEMAHDDYRGWFERARLSQVGLQNGARRFAAQNALTRQLMWEIHQDAVERKRLLQDREVLLARLLDTVSLQLQSVSRQNSGIACLTTTASQDLGREARLTWPELLEELTVHALQDTDRFNLMKGGHKHKYTRMELQMASQKLEDFFDADDQIPALEFDVPVIAEDNVMTSLKQWATDAHSQVLAVGGPQSTVYPSPVLLVSTCYASFARKAGLPVISHFCNRSTDAANELTYEQHLIALAYSLIRQLIEYLPPVVESHAGCDLSGERFKPLNGTLTSWKEVLSLIDILLHFAPPLLVCVIHGLDIIQDASTDPYIRSLVRTFLTHTRHQPVLLPNGEQSQSVLLKVLFTVAGRPISLVETLSENQLILRESNTTEELAPTDAALDADVGPPVMI
chr_502+CDS259|ORIG,0,0,0,0,MSPPSLSIPATPTVAETLHLWKKRFDKRHLSTNPVIATLDIEYNELVQSWKRFQDNLLPNDRVLFHERLQNPDDVLDVVASIEPVWTSTSGQRVLRECCDEFRSTLGSHGRLLAVLPRNELYCSLFYGVLQSLLKASAGYPRILEGLFKALVQINRLIAPPALGEAVPATKDSINAISRFYTLLFFFLGEVMDWYVRKAKCGLLRSPNQDVYRAFQRLIGQIRRSAKSMMHDLTDAMDVDDADCDSLCEMAHDDYRGWFERARLSQVGLQNGARRFAAQNALTRQLMWEIHQDAVERKRLLQDREVLLARLLDTVSLQLQSDLGREARLTWPELLEELTVHALQDTDRFNLMKGGHKHKYTRMELQMASQKLEDFFDADDQIPALEFDVPVIAEDNVMTSLKQWATDAHSQVLAVGGPQSTVYPSPVLLVSTCYASFARKAGLPVISHFCNRSTDAANELTYEQHLIALAYSLIRQLIEYLPPVVESHAGCDLSGERFKPLNGTLTSWKEVLSLIDILLHFAPPLLVCVIHGLDIIQDASTDPYIRSLVRTFLTHTRHQPVLLPNGEQSQSVLLKVLFTVAGRPISLVETLSENQLILRESNTTEELAPTDAALDADVGPPVMIA
chr_502+CDS397|TRUE,0,0,0,0,MKLNVAAISALATVASALPHRRNGEQWDHIRSNIKHVIYLMMENHSFDNIAGYWDFHPDIDNLRNISYCNEYTNPNWTVWDEPLNICAAPFETEVPLTDPDHNFAGTSYEIFRKWQPTKDDVPNMGGFIERQSEKYASSPGESSFVIKAYDEKKTATLIEVAKNFAFWDSYFAEHPGPTNTNRQFATSGSTCGFVDNTYQAAGWYANYTGTTCATSIFEALSNKNITWKNYYETDIVDAYMYKWVQDNAMDRLVHSDQFYRDLEEGTLPQFSYYNPECCTIDSMHPTSNMASGEQLIKHLYDAVRKSKYWDNVLIILNFDEHGGFADHVPTPINVPQPEDGITFTGMSDGHNVTYDFTRLGVRVPSFIISPYIPANHLIHDQGTMYANNSAYTHTSFLHFLQELWGLEGLNNRVQWAKTFEYIFSSEKRDDTPEKLTTPTWYGSSWEPKPDPYYKLNQNYDYYENLD
chr_502+CDS397|CRTD,0,0,0,0,MNELHAPRKSDKKKDGKSALKRPPPGCISCSGDSQPGLSSAYGEKLTDNVPDGFAVICSRGGARMRHVGL*LVGAGGILQSGIHFTAESLKLGPVREGVLACLSLVVLWVSPPMRVTAQSEMSIS*YSTLCPYHTPLLLAD*YNRLSGPAPISRPARLNCNREARLKHDAPLASTIVYYRLLSHAPEDADFTDFTDFNLLLSSPGSPSRERRRFSPPYFGLIDAAISVLLLHDQSFQQLINYPPRLSSPDCARCSNFFPLIPLRSTSERWHVLVLPCSQQKTHASSPSAYHVGWAISRAIGPWLAVTEHRDIFFGF*LASERKMSAVVDPPMRRRRPSRIRPGPDASFIMRGRKDKYPTGQPRCR*G*ILKFRGLSAKVVAEQ*ST*S*TWLLSRPWPLWPPLSLTGVMANNGITFAPTSNMSST**WRTTRSTTSRVTGTFIPTSTTCATSPTATSTPIPIGRSGTNLLTSAPRPSKPRCH*PTRTITSPVPPMRSSASGSPLRTMFPTWAVLLSASRRNTHPAPASPASSSKPMMRRRRQL*LRLRRTLPSGIATSPNTLDRPTPTASLLLRARPVVSLTIPTRLPAGMPTTPVRLVRPRSSRPSATRTLPGRTIMRRTLSMPTCTSGCKTTPWTVWSTRTSSTAISRRERCPSSPTITPSAAPLTRCTQPATWPPVSS*SSICTMQCASPSTGTTF*SSSTSTSTVVLLITSPRRSMFPSPRTASPSPACLTATM*PTTLPVSVFVCPRSSSRPTFRRTI
chr_502+CDS397|ORIG,0,0,0,0,MNELHAPRKSDKKKDGKSALKRPPPGCISCSGDSQPGLSSAYGEKLTDNVPDGFAVICSRGAPISRPARLNCNREARLKHDAPLASTIVYYRLLSHAPEDADFTDFTDFNLLLSSPGSPSRERRRFSPPYFGLIDAAISVLLLHDQSFQQLINYPPRLSSPDCARCSNFFPLIPLRSTSERWHVLVLPCSQQKTHASSPSAYHVGWAISRAIGPCWLVNARCLPWWIPPCVEGGLRASDLARMRPSSCEAGKINIPPVSPGVVINMKLNVAAISALATVASALPHRRNGEQWDHIRSNIKHVIYLMMENHSFDNIAGYWDFHPDIDNLRNISYCNEYTNPNWTVWDEPLNICAAPFETEVPLTDPDHNFAGTSYEIFRKWQPTKDDVPNMGGFIERQSEKYASSPGESSFVIKAYDEKKTATLIEVAKNFAFWDSYFAEHPGPTNTNRQFATSGSTCGFVDNTYQAAGWYANYTGTTCATSIFEALSNKNITWKNYYETDIVDAYMYKWVQDNAMDRLVHSDQFYRDLEEGTLPQFSYYNPECCTIDSMHPTSNMASGEQLIKHLYDAVRKSKYWDNVLIILNFDEHGGFADHVPTPINVPQPEDGITFTGMSDGHNVTYDFTRLGVRVPSFIISPYIPANHLIHDQGTMYANNSAYTHTSFLHFLQELWGLEGLNNRVQWAKTFEYIFSSEKRDDTPEKLTTPTWYGSSWEPKPDPYYKLNQNYDYYENLD
chr_502+CDS594|TRUE,0,0,0,0,MKDFRGDDDAQLAAMGHKAELNRNFSMLSMLGLAFAILNSWTALSASLSLSLPSGGCVSVIWGLITAGVCNLCMSASLAEFLSAYPTAGGQYHWVAVSWERWMPLLSWITGWANVTGWVALTATGGLLGSELILGVISLMHPSYVSQRWHQFLIYIAYNVIAFLINAFMGSLLPKVTKGAFIWSLTGFTIICITLLACSSPNYNSGEFVFGEFINETGWPDGLAWLLGLLQGGLGLTGFDGVAHMIEEIPNPSVVGPKIMIGCVGIGTFTGTIFLIVLLFVAGNIYEDINSAATPLLQIFVNATKNNAGAICLLVFPLVCVLFAAITIMTTSSRMIYAFARDGGLPASPFFSKVHTKLEVPLNALYLTNILVIIFGCIFLGSSSAFNAIVSASVVMLDIAYGIPIAVNCIRGRKMLPERSFVLPNVVGWIANLISLAYVSLTTVLFLFPPDYPATGSNMNYCVAVFGIVFLVSIFQWFVDGRKNFTGPRMDVDIISGQVAPGDGGEEVVVPSNFHEK
chr_502+CDS594|CRTD,0,0,0,0,MKDFRGDDDAQLAAMGHKAELNRNFSMLSMLGLAFAILNSWTALSASLSLSLPSGGCVSVIWGLITAGVCNLCMSASLAEFLSAYPTAGGQYHWVAGEYS*FILHDYFGTVLTILPLQLVGFP*PVRYHFLADDR*KFPGKDGCPFSRGLQDGRT*LAGLP*LQLVVFSEVN*SWVSSR*CIPHMCRNAGISSSSTSPITLLHSSSMPSWAHSFPRLLRVPLSGPLPGSL*SASPCWHARRPTTTLASSSSENSSTKQDGLMDLLGCSDSFKEDWVSQALTVSRT*SKKFQTPRWLGPRS*SVASVLEPLLAQSS*SFSSLWLETSTKISTPRLRLCCKFS*MQRKTTPVLFAFSSSLSCVFSLPLSRS*RPVVV*STPLQEMAVSPLLLSSARCTPSLRFL*MLCTLPTSSSSFSGVFSLARQVHSTLLYLHRWSCLI*RTASLSQ*TAFAGGRCYRRGPLFCPTLWAGLQT*SR*PTFLSRPYFSSSLLTILQLEAT*TTV*PCLASFSWCRFSNGLWTDVRTSPGRGWM*ISSVAR*PPVMAEKKLWCLATFMR
chr_502+CDS594|ORIG,0,0,0,0,MKDFRGDDDAQLAAMGHKAELNRNFSMLSMLGLAFAILNSWTALSASLSLSLPSGGCVSVIWGLITAGVCNLCMSASLAEFLSAYPTAGGQYHWVAVISWERWMPLLSWITGWANVTGWVALTATGGLLGSELILGVISLMHPSYVSQRWHQFLIYIAYNVIAFLINAFMGSLLPKVTKGAFIWSLTGFTIICITLLACSSPNYNSGEFVFGEFINETGWPDGLAWLLGLLQGGLGLTGFDGVAHMIEEIPNPSVVGPKIMIGCVGIGTFTGTIFLIVLLFVAGNIYEDINSAATPLLQIFVNATKNNAGAICLLVFPLVCVLFAAITIMTTSSRMIYAFARDGGLPASPFFSKVHTKLEVPLNALYLTNILVIIFGCIFLGSSSAFNAIVSASVVMLDIAYGIPIAVNCIRGRKMLPERSFVLPNVVGWIANLISLAYVSLTTVLFLFPPDYPATGSNMNYCVAVFGIVFLVSIFQWFVDGRKNFTGPRMDVDIISGQVAPGDGGEEVVVPSNFHEK
chr_502+CDS700|TRUE,0,0,0,0,MADDDTVKGLAVEAESSRTDDTELTPQEQRRVIRRVDARLIVMLGFLHTVSLIDRGNLSTAAVAGMEKELHLQGNQYNVIAVVFFPPYICLQMLGPVFIRKLGPKLFLAGICFIWGVSMMCGGFVHNWAQLAGIRIIIGALEAGFFPAAVYLIATWYTRYQMQKRFAIFYLLGCVASAFTDILSYGITFMNGLGGLTAWRWIFVIQGLITCTLAAISYFVLINFPDRMRSSKSRFLSHREYDFITDQINADRGDVRLEPFDLKKYLVAALDINIWGFGLVYFCTTTTAYSIAYFLPLIYREGMGFSMGASLCLFAPPYVAAGITMFATSWIGDKYRIRGPIIVFNAMLALIGLPLMTFTKGNGPRLVGCFLTTMGANSNVPAAMAYQANNVRGQWKRAACSAIFVGLGASGGMVGSLVFRSQDAPEYRPGMLTCIGMQAAAIVLVGLLTIRLYLRNCRVDRGELVIGDLPGFRYTY
chr_502+CDS700|CRTD,0,0,0,0,MMADDDTVKGLAVEAESSRTDDTELTPQEQRRVIRRVDARLIVMLGFLHTVSLIDRGNLSTAAVAGMEKELHLQGNQYNVIAVVFFPPYICLQMLGPVFIRKLGPKLFLAGICFIWGVSMMCGGFVHNWAQLAGIRIIIGALEAGFFPAAVYLIATWYTRYQMQKRFAIFYLLGCVASAFTDILSYGITFMNGLGGLTAWRWIFVIQGLITCTLAAISYFVLINFPDRMRSSKSRFLSHREYDFITDQINADRGDVRLEPFDLKKYLVAALDINIWGFGLVYFCTTTTAYSIAYFLPLIYREGMGFSMGASLCLFAPPYVAAGITMFATSWIGDKYRIRGPIIVFNAMLALIGLPLMTFTKGNGPRLVGCFLTTMGANSNVPAAMAYQANNVRGQWKRAACSAIFVGLGASGGMVGSLVFRSQDAPEYRPGMLTCIGMQAAAIVLVGLLTIRLYLRNCRVDRGELVIGDLPGFRYT
chr_502+CDS700|ORIG,0,0,0,0,MMADDDTVKGLAVEAESSRTDDTELTPQEQRRVIRRVDARLIVMLGFLHTVSLIDRGNLSTAAVAGMEKELHLQGNQYNVIAVVFFPPYICLQMLGPVFIRKLGPKLFLAGICFIWGVSMMCGGFVHNWAQLAGIRIIIGALEAGFFPAAVYLIATWYTRYQMQKRFAIFYLLGCVASAFTDILSYGITFMNGLGGLTAWRWIFVIQGLITCTLAAISYFVLINFPDRMRSSKSRFLSHREYDFITDQINADRGDVRLEPFDLKKYLVAALDINIWGFGLVYFCTTTTAYSIAYFLPLIYREGMGFSMGASLCLFAPPYVAAGITMFATSWIGDKYRIRGPIIVFNAMLALIGLPLMTFTKGNGPRLVGCFLTTMGANSNVPAAMAYQANNVRGQWKRAACSAIFVGLGASGGMVGSLVFRSQDAPEYRPGMLTCIGMQAAAIVLVGLLTIRLYLRNCRVDRGELVIGDLPGFRYTY
chr_601+CDS1264|TRUE,0,0,0,0,MGSIGDHYESKARKGASMGRHVPYEIIDEPSRSRRKIRIVVIGAGASALNFAHDIDQSTLDIELVLYEKNPEVGGTWFENRYPGCGCDIPSVNYQFSWAPSPDWTSFYSSAPEIFKYFKGIADNYGLRKYIRLDHRVVGASWDEDSEQWHVKIQRGDNPANVFEDRCHILVNASGVLNKWKWPAIQGRETFQGPMLHSAHWDDQVELKGKRVAVIGSGSSAVQIVPTIQPTVSSLKCFIRSASWVTAGFGQRFAGKGGTNFKYTANQKNIFRNNPQKYLAYRKKIESELNSRFRFILNGSEEQANARAYAERDMRSKLARRPEIADHIVPKNFAVGCRRPTPGNGYLEALCSQNTEVGSESISEITPKGIRTADSVEHEVDVIVCATGFDVSWRPSYPTIGREARSLSEQWKDIPRTYLSITVPNFPNYLIFNGPFGPYGHGSFLPITETLSRHFLQILEKMSSEGVTSFEPKEEAVADFFEHHRKFMPRTAWTSPCRSWFKQGTVDGEVMMWPGSRIHFFETMKQPRWEDYHLRYTTTNRFGYLGNGFAAREFDGSDMSWYLGALEGNEQAYLPDEDFEDFMVK
chr_601+CDS1264|CRTD,0,0,0,0,MGSIGDHYESKARKGASMGRHVPYEIIDEPSRSRRKIRIVVIGAGASALNFAHDIDQSTLDIELVLYEKNPEVGGTWFENRYPGCGCDIPSVNYQFSWAPSPDWTSFYSSAPEIFKYFKGIADNYGLRKYIRLDHRVVGASWDEDSEQWHVKIQRGDNPANVFEDRCHILVNASGVLNKWKWPAIQGRETFQGPMLHSAHWDDQVELKGKRVAVIGSGSSAVQIVPTIQPSEFMNN*TKVSFLTVNSGVFPEMLYP*RLLGDCRIWPALRGKGRDELQMSDSFAPY*ARQCELTAFRYCEPEEHISEQPSEISSLS*ED*IRAQLSFPIHP*RLGRAGKRESVCGERHAIQARPSA*DC*PYSAKKFCSGLP*TYTWKRIP*GTLQSEH*SGFRVDFRNYPQGYSDSRQC*A*S*CDRVCYWI*C*LAAIISDHR*GSPQSQ*TVERHSEDLPFHYCSELP*LPHL*RSLRPIWSRELPPYHRNLVPSFPPNSGENVIGGCHFL*AQRGSSRGFL*AS*KVHATYCMDISMSFLVQTGHCRW
chr_601+CDS1264|ORIG,0,0,0,0,MGSIGDHYESKARKGASMGRHVPYEIIDEPSRSRRKIRIVVIGAGASALNFAHDIDQSTLDIELVLYEKNPEVGGTWFENRYPGCGCDIPSVNYQFSWAPSPDWTSFYSSAPEIFKYFKGIADNYGLRKYIRLDHRVVGASWDEDSEQWHVKIQRGDNPANVFEDRCHILVNASGVLNKWKWPAIQGRETFQGPMLHSAHWDDQVELKGKRVAVIGSGSSAVQIVPTIQPNTANQKNIFRNNPQKYLAYRKKIESELNSRFRFILNGSEEQANARAYAERDMRSKLARRPEIADHIVPKNFAVGCRRPTPGNGYLEALCSQNTEVGSESISEITPKGIRTADSVEHEVDVIVCATGFDVSWRPSYPTIGREARSLSEQWKDIPRTYLSITVPNFPNYLIFNGPFGPYGHGSFLPITETLSRHFLQILEKMSSEGVTSFEPKEEAVADFFEHHRKFMPRTAWTSPCRSWFKQGTVDGEVMMWPGSRIHFFETMKQPRWEDYHLRYTTTNRFGYLGNGFAAREFDGSDMSWYLGALEGNEQAYLPDEDFEDFMVK
chr_601+CDS238|TRUE,0,0,0,0,MAFESGRIEGQIHVEGSENVEKASKGLVAPKYMGTIRDQRDMSALGRVQVLRRNFRFVSILGFGCTLISTWEVILTLLTSGLTDGGTAGLIWGFIIVTAGFALVFASIAEMASMSPTSGGQYHWVSEFAPRRGQKFLSYITGWLCATGWQCAIVAIAYLAGTIIQGLIVLNRPTYEFERWHGTLLVIAITAFSILFNTFLAKNLPMVEGLILIIHVVGLFAIIIPLWVLAPRNSAKAVFTEFYDGGEWGSPGTATLVGLSTTITSMIGYDCSVHMSEEIKDASETLPKAMMSAVGVNGILGFIMIVTLCFTLGDVNNILQSPTGFPFIQIFYNTTRSYAAANTMTAILIITLTASTITEVATASRQLWSFARDQGLPFSSFFAYVTPGWNIPLNSVLVSLVVTAILSLINIGSNLALNAVISLTITSLMSAYILSIGCVLLKRLRGEKLPPRRWSLGRFGMTINIASLAFLFPIFVFSFFPLTKTVDAHSMNWSIVMYMAMVSFASVYYYFWGRYQFIAPVALVKRDIDLDDM
chr_601+CDS238|CRTD,0,0,0,0,MAFESGRIEGQIHVEGSENVEKASKGLVAPKYMGTIRDQRDMSALGRVQVLRRNFRFVSILGFGCTLISTWEVILTLLTSGLTDGGTAGLIWGFIIVTAGFALVFASIAEMASMSPTSGGQYHWVSEFAPRRGQKFLSYITGWLCATGWQCAIVAIAYLAGTIIQGLIVLNRPTYEFERWHGTLLVIAITAFSILFNTFLAKNLPMVEGLILIIHVVGLFAIIIPLWVLAPRNSAKAVFTEFYDGGEWGSPGTATLVGLSTTITSMIGYDCSVHMSEEIKDASETLPKAMMSAVGVNGILGFIMIVTLCFTLGDVNNILQSPTGFPFIQIFYNTTRSYAAANTMTAILIITLTASTITEVATASRQLWSFARDQGLPFSSFFAYVTPGWNIPLNSVLVSLVVTAILSLINIGSNLALNAVISLTITSLMSAYILSIGCVLLKRLRGEKLPPRRWSLGRFGMTINIASLAFLFPIFVFSFFPLTKTVDAHSMNWSIVMYMAMVSFASVYYYFWGRYQFIAPVALVKRDIDLDD
chr_601+CDS238|ORIG,0,0,0,0,MAFESGRIEGQIHVEGSENVEKASKGLVAPKYMGTIRDQRDMSALGRVQVLRRNFRFVSILGFGCTLISTWEVILTLLTSGLTDGGTAGLIWGFIIVTAGFALVFASIAEMASMSPTSGGQYHWVSEFAPRRGQKFLSYITAITAFSILFNTFLAKNLPMVEGLILIIHVVGLFAIIIPLWVLAPRNSAKAVFTEFYDGGEWGSPGTATLVGLSTTITSMIGYDCSVHMSEEIKDASETLPKAMMSAVGVNGILGFIMIVTLCFTLGDVNNILQSPTGFPFIQIFYNTTRSYAAANTMTAILIITLTASTITEVATASRQLWSFARDQGLPFSSFFAYVTPGWNIPLNSVLVSLVVTAILSLINIGSNLALNAVISLTITSLMSAYILSIGCVLLKRLRGEKLPPRRWSLGRFGMTINIASLAFLFPIFVFSFFPLTKTVDAHSMNWSIVMYMAMVSFASVYYYFWGRYQFIAPVALVKRDIDLDDM
chr_601+CDS520|TRUE,0,0,0,0,MNSIQAPYVGGLMGVALHHGLFIHGEWHVQAPQILLIHLVSFLYLIVNVPTSWQIISGYLVGLFSSILSYRLFFHRLNGFPGPRWASVSKIWHLWKTRRSQNHFFMAKLHAQYGDFVRTGPSEITVFHPDVFMAVDGPRSKCMKGEWYDLLHPDRSLVNARTSDIHRPRRRVWMQGFTSKALVGKEEQTLGLIEQMDQCIQDDMAAGRSSNVTDMIYWLSFDRMAQFVLGKKFNMLTNPDWRFAIRTVQKALSILGPLSPAPWLVQIVLRLLPRVWILKDWFRTMAMTKGELRNVKVPTDMSKATSLGAFLMESSQKDSTQDQWLGGDSLLAFVAGSDPTAGILHGLFYELARHPEQADLIYRELQQLQPEELSDVNAVRRCKHLEAAIFESLRLYPSLPTGGNRKTPANEGITVAGVYIPPDTTVVAPRFCISRREDCYVKPNEFIPERWTTRPELVLNRSAFVPFGTAFRSCLGRGLAMNDMMLIGAHMIQHYRMSFPAGDTGDRVFNDWKDQFTSCLGRLELRFERRTA
chr_601+CDS520|CRTD,0,0,0,0,MNSIQAPYVGGLMGVALHHGLFIHGEWHVQAPQILLIHLVSFLYLIVNVPTSWQIISGYLVGLFSSILSYRLFFHRLNGFPGPRWASVSKIWHLWKTRRSQNHFFMAKLHAQYGDFVRTGPSEITVFHPDVFMAVDGPRSKCMKGEWYDLLHPDRSLVNARTSDIHRPRRRVWMQGFTSKALVGKEEQTLGLIEQMDQCIQDDMAAGRSSNVTDMIYWLSFDRMAQFVLGKKFNMLTNPDWRFAIRTVQKALSILGPLSPAPWLVQIVLRLLPRVWILKDWFRTMAMTKGELRNVKVGPFCLPPLSECTVFSSCILDI*VPTDMSKATSLGAFLMESSQKDSTQDQWLGGDSLLAFVAGSDPTAGILHGLFYELARHPEQADLIYRELQQLQPEELSDVNAVRRCKHLEAAIFESLRLYPSLPTGGNRKTPANEGITVAGVYIPPDTTVVAPRFCISRREDCYVKPNEFIPERWTTRPELVLNRSAFVPFGTAFRSCLGRGL
chr_601+CDS520|ORIG,0,0,0,0,MNSIQAPYVGGLMGVALHHGLFIHGEWHVQAPQILLIHLVSFLYLIVNVPTSWQIISGYLVGLFSSILSYRLFFHRLNGFPGPRWASVSKIWHLWKTRRSQNHFFMAKLHAQYGDFVRTGPSEITVFHPDVFMAVDGPRSKCMKGEWYDLLHPDRSLVNARTSDIHRPRRRVWMQGFTSKALVGKEEQTLGLIEQMDQCIQDDMAAGRSSNVTDMIYWLSFDRMAQFVLGKKFNMLTNPDWRFAIRTVQKALSILGPLSPAPWLVQIVLRLLPRVWILKDWFRTMAMTKGELRNVKVGPFCLPPLSESTSLGAFLMESSQKDSTQDQWLGGDSLLAFVAGSDPTAGILHGLFYELARHPEQADLIYRELQQLQPEELSDVNAVRRCKHLEAAIFESLRLYPSLPTGGNRKTPANEGITVAGVYIPPDTTVVAPRFCISRPSKCCAKKTNSTTGEDCYVKPNEFIPERWTTRPELVLNRSAFVPFGTAFRSCLGRGLAMNDMMLIGAHMIQHYRMSFPAGDTGDRVFNDWKDQFTSCLGRLELRFERRTA
chr_601+CDS657|TRUE,0,0,0,0,MASDSTPAKPGGTLSLYANLLDPSADNSPGTIARAPVVFKQSSTTENNDSQSDESAAKKQQLSAASLRFQPTKRPQLAAQKPKPKPTLPKAAAAPAAPAAAPVKTTLADWAATEDDDVNGFYAGPKRQRGGRKKRKKNREAQEFIQNWDDIYDPSRPNNYEEYKHSDEQIAEVREWKDRLYAHRMARSPSRDSQSDDDYARPMNRKFAPPSSFAPPPNLNDMPPRPPIESPPERTSETPGDISMSDAPPPPPPTDEPPAQVPDDPTGEDAYLRRLQMSMGNQPTAAPAAPPPPPRPLESLQPASATISRAPVRYTLPPPPEDIPASEAELEEVFAKEQPVEDEPEDEGQRSLRPGQKGFAERLMAKYGWTKGSGLGATGSGIVKPLQVKVEKQKKRPDSEGGGFATPAGRGKIIGGARKNEEEGKFGPMSEVIILKGMLDGMDLDAELAGDGEGGGLMQEIGEECSEKYGRVERVFIPRDSAPPVPVFVKFTNQLSALRAVNALEGRIFSGNAITARFYDVHTFEQGIYDS
chr_601+CDS657|CRTD,0,0,0,0,MASDSTPAKPGGTLSLYANLLDPSADNSPGTIARAPVVFKQSSTTENNDSQSDESAAKKQQLSAASLRFQPTKRPQLAAQKPKPKPTLPKAAAAPAAPAAAPVKTTLADWAATEDDDVNGFYAGPKRQRGGRKKRKKNREAQEFIQNWDDIYDPSRPNNYEEYKHSDEQIAEVREWKDRLYAHRMARSPSRDSQSDDDYARPMNRKFAPPSSFAPPPNLNDMPPRPPIESPPERTSETPGDISMSDAPPPPPPTDEPPAQVPDDPTGEDAYLRRLQMSMGNQPTAAPAAPPPPPRPLESLQPASATISRAPVRYTLPPPPEDIPASEAELEEVFAKEQPVEDEPEDEGQRSLRPGQKGFAERLMAKYGWTKGSGLGATGSGIVKPLQVKVEKQKKRPDSEGGGFATPAGRGKIIGGARKNEEEGKFGPMSEVIILKGMLDGMDLDAELAGDGEGGGLMQEIGEECSEKYGRVERVFIPRDSAPPVPVFVKFTNQLSALRAVNALEGRIFSGNAITARFYDVHTFEQGIYD
chr_601+CDS657|ORIG,0,0,0,0,MASDSTPAKPGGTLSLYANLLDPSADNSPGTIARAPVVFKQSSTTENNDSQSDESAAKKQQLSAASLRFQPTKRPQLAAQKPKPKPTLPKAAAAPAAPAAAPVKTTLADWAATEDDDVNGFYAGPKRQRGGRKKRKKNREAQEFIQNWDDIYDPSRPNNYEEYKHSDEQIAEVREWKDRLYAHRMARSPSRDSQSDDDYARPMNRKLYILKSEMSICSKNVLGKFAPPSSFAPPPNLNDMPPRPPIESPPERTSETPGDISMSDAPPPPPPTDEPPAQVPDDPTGEDAYLRRLQMSMGNQPTAAPAAPPPPPRPLESLQPASATISRAPVRYTLPPPPEDIPASEAELEEVFAKEQPVEDEPEDEGQRSLRPGQKGFAERLMAKYGWTKGSGLGATGSGIVKPLQVKVEKQKKRPDSEGGGFATPAGRGKIIGGARKNEEEGKFGPMSEVIILKGMLDGMDLDAELAGDGEGGGLMQEIGEECSEKYGRVERVFIPRDSAPPVPVFVKFTNQLSALRAVNALEGRIFSGNAITARFYDVHTFEQGIYDS
chr_601+CDS845|TRUE,0,0,0,0,MNPFSSPLITPAEYHHNATTYNATGSRRIIPLAAYRPTLHSSFESFHLPGSKFFNLDQIRDTASPYPSMLPSPSLFAAGMTALGIRKDDILVIYDADEIGTYHAPRLAFMCELFGHKDVHILNNLRRYVRMGLPVGSGSEGIEVPVVGTGREQGDEYVVEEGDIDTGRVISFEDVKNSVLGKDQEKVRIIDARIPGRFQGVQPEMDPSLRSGHIPGAVNVPLARLLEDGDAVILATEKLRSVLMDAGALAEEDEGMLYILTCNSGVTAASLDLALRLVGSKGSRRVYDGSWMEWTRRVGDELIEVS
chr_601+CDS845|CRTD,0,0,0,0,MNPFSSPLITPAEYHHNATTYNATGSRRIIPLAAYRPTLHSSFESFHLPGSKFFNLDQIRDTASPYPSMLPSPSLFAAGMTALGIRKDDILVIYDADEIGTYHAPRLAFMCELFGHKDVHILNNLRRYVRMGLPVGSGSEGIEVPVVGTGREQGDEYVVEEGDIDTGRVISFEDVKNSVLGKDQEKVRIIDARIPGRFQGVQPEMDPSLRSGHIPGAVNVPLARLLEDGDAVILATEKLRSVLMDAGALAEEDEGMLYILTCNSGVTAASLDLALRLVGSKGSRRVYDGSWMEWTRRVGDELIEV
chr_601+CDS845|ORIG,0,0,0,0,MNPFSSPLITPAEYHHNATTYNATGSRRIIPLAAYRPTLHSSFESFHLPGSKFFNLDQIRDTASPYPSMLPSPSLFAAGMTALGIRKDDILVIYDADEIGTYHAPRLAFMCELFGHKDVHILNNLRRYVRMGLPVGSGSEGIEVPVVGTGREQGDEYVVEEGDIDTGRVISFEDVKNSVLGKDQEKVRIIDARIPGRFQGVQPEMDPSLRSGHIPGAVNVPLARLLEDGDAVILATEKLRSVLMDAGALAEEDEGMLYILTCNSGVTAASLDLALRLVGSKGSRRVYDGSWMEWTRRMLDKIAARGSTPRDKITDYDSIISDPQAIRYVAEFMLQTGLLGQFSQVELGPDPDPDLGQEHVGLRAMGIGAEDTG
chr_601+CDS941|TRUE,0,0,0,0,MPATQAIVTLRPLSISDDLPYRSLEFTSTNNQVNIGRASKRQSKNLIPARNNGLFESRVMSRNHAKLWVCFDKQLVYIRDGGSMHGTWINGKKIPTEEDSVINHDDVVTFGSTVYRGSDTFPPLKVRCEFEWPDPFQRPALATNTFCVPDDDDSDAKEDSIPMVVASGSASEIDNSTPDSDSDDQSVMEISSPLTSPLKRDDARNSHVGACSDTDRVGKHDGQEGPQLSPIDLEHGEHEQPLVTPRMTPPSVIDLVDDPSNTAHDFDDFIQEADSASAMSSSDDEDSSWGEDDRAGSDDDGDDEVDSQSSFRSEAEQSHEDEESVRSSSLHVLGIRDLIATEASFTAEETHTRLPLGNNTSQPDRLGEDMACEAEPCEPELLAVRNPTSDLRSQSTGPSKIMSTEAPPPPILLQPTLSSSYGKTVDRSVPSYQNSPPMMHMDWWNPRTTANTSYSLNIPPTPQVPYADGPFVNNESFLLGETGSACNRGADSVIASMGTPGFISEEAAPSDGQEIQETSMPEKQPDSTPTPLPQMQRSETGLDSIQTNKSLKRKAEDVDGPSGSSEPDVATDHRDGVDSSMTSDSQSSDQETCYPDAQPQMLADQQEIPSQLADLDSAKELLSVDDPIDDARMTAPPTKRAKTSSAGRFASHAATAALGVAIGAFGTIAALASLPPDYFQ
chr_601+CDS941|CRTD,0,0,0,0,MPATQGKCLLCTSLYAPKPNRTNTCSSGSYCDSPPLVYIR*FAISFPRVHFYQ*SGQHWSGV*ASIQESYPRQKQWII*V*GHVTKPCQAMGVLRQAARLYS*WWVDAWYLDKWEENPHRGGLGHQS**RGHLWLHSVSWL*YLP
chr_601+CDS941|ORIG,0,0,0,0,MPATQAIVTLRPLSISDDLPYRSLEFTSTNNQVNIGRASKRQSKNLIPARNNGLFESRVMSRNHAKLWVCFDKQLVYIRDGGSMHGTWINGKKIPTEEDSVINHDDVVTFGSTVYRGSDTFPPLKVRCEFEWPDPLYATCVPPTLSSVDTMDSQRPALATNTFCVPDDDDSDAKEDSIPMVVASGSASEIDNSTPDSDSDDQSVMEISSPLTSPLKRDDARNSHVGACSDTDRVGKHDGQEGPQLSPIDLEHGEHEQPLVTPRMTPPSVIDLVDDPSNTAHDFDDFIQEADSASAMSSSDDEDSSWGEDDRAGSDDDGDDEVDSQSSFRSEAEQSHEDEESVRSSSLHVLGIRDLIATEASFTAEETHTRLPLGNNTSQPDRLGEDMACEAEPCEPELLAVRNPTSDLRSQSTGPSKIMSTEAPPPPILLQPTLSSSYGKTVDRSVPSYQNSPPMMHMDWWNPRTTANTSYSLNIPPTPQVPYADGPFVNNESFLLGETGSACNRGADSVIASMGTPGFISEEAAPSDGQEIQETSMPEKQPDSTPTPLPQMQRSETGLDSIQTNKSLKRKAEDVDGPSGSSEPDVATDHRDGVDSSMTSDSQSSDQETCYPDAQPQMLADQQEIPSQLADLDSAKELLSVDDPIDDARMTAPPTKRAKTSSAGRFASHAATAALGVAIGAFGTIAALASLPPDYFQ
chr_701+CDS106|TRUE,0,0,0,0,MACSAAAQPAATIPSFVNKLSSLAIPESEDNADIRQKYRPFLLADEAAEDWVNKLELTTAMEMAAQELRKSNNRIKVLVLYGSLRRRSYSRLVALEASRILFRLGCDVRVFNPEGLPVKNDTDHDHPKVQELRELSKWSDGHIWVSPEQHGNLTAAFKNQIDWIPLSTGSVRPTQGRTLAIAQVCGGSQSFNAVNSLRILGRWMRMFTIPNQSSIPKAYTHFPDEGQPGDQRLLPSGNRDRLVDCMEEFVKYTIVMRPHLELFGDRFSEREEKRIKEMKECANQV
chr_701+CDS106|CRTD,0,0,0,0,MACSAAAQPAATIPSFVNKLSSLAIPESEDNADIRQKYRPFLLADEAAEDWVNKLELTTAMEMAAQELRKSNNRIKVLVLYGSLRRRSYSRLVALEASRILFRLGCDVRVFNPEGLPVKNDTDHDHPKVQELRELSKWSDGHIWVSPEQHGNLTAAFKNQIDWIPLSTGSVRPTQGRTLAIAQVCGGSQSFNAVNSLRILGRWMRMFTIPNQSSIPKAYTHFPDEGQPGDQRLLPSGNRDRLVDCMEEFVKYTIVMRPHLELFGDRFSEREEKRIKEMKECANQ
chr_701+CDS106|ORIG,0,0,0,0,MACSAAAQPAATIPSFVNKLSSLAIPESEDNADIRQKYRPFLLADEAAEDWVNKLELTTAMEMAAQELRKSNNRIKVLVLYGSLRRRSYSRLVALEASRILFRLGCDVRVFNPEGLPVKNDTDHDHPKVQELRELSKWSDGHIWVSPEQHGNLVSVTFPQVLVFQSLIIPQTAAFKNQIDWIPLSTGSVRPTQGRTLAIAQVCGGSQSFNAVNSLRILGRWMRMFTIPNQSSIPKAYTHFPDEGQPGDQRLLPSGNRDRLVDCMEEFVKYTIVMRPHLELFGDRFSEREEKRIKEMKECANQV
chr_701+CDS198|TRUE,0,0,0,0,MSLVRSRYSVDAPQTDLLSYLFDSPYKDAGSWPPSEPLLESAANCDRLGYSVDQIKNVVKRVGCGLNRLGASGKRVMVYGDANINFPLAILGVIAAGASCNVLAPGPVEELISRLRQLDCDIVFFAPQDRELVCTAAAKLSIPSERLFMVDETIDGENIEGSHDGGPRHWGHLLMMPGGADYEWPRLSPAEARTRTALLLYTSGTTGSSKLAERTHYGLIGNIEQTLQHYNLRERNRETIFCNYKFCGMGFLILGFMLPLKARYKTIFPTKFEPKKFMQTIERFQPTWLMLPKHLVREVLAKFDKPSFPSVQHVLTGGAIIPYEMIEQWQRLHGSQMQSTYGMTEAGFYTFPDPTQVVKDATTGVLLPSLEAKIVGDNGELLSIGQKGHVYIRTPFIMKGYFNEPEQTAQTITDDGWIKTGDIGWIDEHDQFYIVGRQKLKSKRLSCNIRILRMSLLFQNGDEEPVPRGYIVKGNESPLTIEELTHWICTELTSRMQLLGGAAFIEAIPISNVGNSKVDRRRLCELAERELQALSNTEQEAGKPSV
chr_701+CDS198|CRTD,0,0,0,0,MSLVRSRYSVDAPQTDLLSYLFDSPYKDAGSWPPSEPLLESAANCDRLGYSVDQIKNVVKRVGCGLNRLGASGKRVMVYGDANINFPLAILGVIAAGASCNVLAPGPVEELISRLRQLDCDIVFFAPQDRELVCTAAAKLSIPSERLFMVDETIDGENIEGSHDGGPRHWGHLLMMPGGADYEWPRLSPAEARTRTALLLYTSGTTGSSKLAERTHYGLIGNIEQTLQHYNLRERNRETIFCNYKFCGMGFLILGFMLPLKARYKTIFPTKFEPKKFMQTIERFQPTWLMLPKHLVREVLAKFDKPSFPSVQHVLTGGAIIPYEMIEQWQRLHGSQMQSTYGMTEAGFYTFPDPTQVVKDATTGVLLPSLEAKIVGDNGELLSIGQKGHVYIRTPFIMKGYFNEPEQTAQTITDDGWIKTGDIGWIDEHDQFYIVGRQKDLFKIKGDNVSAAEIETSILQHPDIADVAVIPVTMEGLDPVPRGYIVKGNESPLTIEELTHWICTELTSRMQLLGGAAFIEAIPISNVGNSKVDRRRLCELAERELQALSNTEQEAGKPS
chr_701+CDS198|ORIG,0,0,0,0,MSLVRSRYSVDAPQTDLLSYLFDSPYKDAGSWPPSEPLLESAANCDRLGYSVDQIKNVVKRVGCGLNRLGASGKRVMVYGDANINFPLAILGVIAAGASCNVLAPGPVEELISRLRQLDCDIVFFAPQDRELVCTAAAKLSIPSERLFMVDETIDGENIEGSHDGGPRHWGHLLMMPGGADYEWPRLSPAEARTRTALLLYTSGTTGSSKLAERTHYGLIGNIEQTLQHYNLRERNRETIFCNYKFCGMGFLILGFMLPLKARYKTIFPTKFEPKKFMQTIERFQPTWLMLPKHLVREVLAKFDKPSFPSVQHVLTGGAIIPYEMIEQWQRLHGSQMQSTYGMTEAGFYTFPDPTQVVKDATTGVLLPSLEAKIVGDNGELLSIGQKGHVYIRTPFIMKGYFNEPEQTAQTITDDGWIKTGDIGWIDEHDQFYIVGRQKDLFKIKGDNVSAAEIETSILQHPDIADVAVIPVTMEGLDVAFI
chr_702+CDS304|TRUE,0,0,0,0,MEQIPLVGSNATTACDFPGACCLALATILGQDKVSFPDTPAYEASQGSYFAQQNSALQPSCVVFPDSADEVSNIITSILAISSGVPDYEKAGCQFAIRSGGHNSFGGASNIHNGVTIDLRALNTIQVQEAPTENDEDESAQNKEAQHTVFVGAGATWGEVYALLDPLGLSVAGGRAAQVGVGGLTLGGGISYFSPRYGWTCDNLVGAEVVLANGTIVYLDEGQHSDWLAALRGGGANFGVVTGFNLQTFPQGPIYGGSIYHSTETIDAQLRAFAELADPKASSYDEYASLITSFGFAGGQGAAIVNSVVYTGGLEEPGDDGITPPPAVYKALFDIPQLFSTMRSGKRQLSVVATHDVTLPMLNATYLRWNSNLEAVQDIPGIVWSISLEPLPPAIYARAPPDHNVMGLSSSERLERSLVVTLLSATWDDAADDARVEEAAKVLFSGIESDAHALDAYHPFVYLNYAAQWQDSIASYGPESIERLRRISREVDPTGVFQNMVPGGFKIQQ
chr_702+CDS304|CRTD,0,0,0,0,MEQIPLVGSNATTACDFPGACCLALATILGQDKVSFPDTPAYEASQGSYFAQQNSALQPSCVVFPDSADEVSNIITSILAISSGVPDYEKAGCQFAIRSGGHNSFGGASNIHNGVTIDLRALNTIQVQEAPTENDEDESAQNKEAQHTVFVGAGATWGEVYALLDPLGLSVAGGRAAQVGVGGLTLGGGISYFSPRYGWTCDNLVGAEVVLANGTIVYLDEGQHSDWLAALRGGGANFGVVTGFNLQTFPQGPIYGGSIYHSTETIDAQLRAFAELADPKASSYDEYASLITSFGFAGGQGAAIVNSVVYTGGLEEPGDDGITPPPAVYKALFDIPQLFSTMRVAPMH*VAIEQGSFSQSGKRQLSVVATHDVTLPMLNATYLRWNSNLEAVQDIPGIVWSISLEPLPPAIYARAPPDHNVMGLSSSERLERSLVVTLLSATWDDAADDARVEEAAKVLFSGIESDAHALDAYHPFVYLNYAAQWQDSIASYGPESIERLRRISREVDPTGVFQNMVPGGFKIQQ
chr_702+CDS304|ORIG,0,0,0,0,MEQIPLVGSNATTACDFPGACCLALATILGQDKVSFPDTPAYEASQGSYFAQQNSALQPSCVVFPDSADEVSNIITSILAISSGVPDYEKAGCQFAIRSGGHNSFGGASNIHNGVTIDLRALNTIQVQEAPTENDEDESAQNKEAQHTVFVGAGATWGEVYALLDPLGLSVAGGRAAQVGVGGLTLGGGISYFSPRYGWTCDNLVGAEVVLANGTIVYLDEGQHSDWLAALRGGGANFGVVTGFNLQTFPQGPIYGGSIYHSTETIDAQLRAFAELADPKASSYDEYASLITSFGFAGGQGAAIVNSVVYTGGLEEPGDDGITPPPAVQLSVVATHDVTLPMLNATYLRWNSNLEAVQDIPGIVWSISLEPLPPAIYARAPPDHNVMGLSSSERLERSLVVTLLSATWDDAADDARVEEAAKVLFSGIESDAHALDAYHPFVYLNYAAQWQDSIASYGPESIERLRRISREVDPTGVFQNMVPGGFKIQQ
chr_702+CDS488|TRUE,0,0,0,0,MAGPSSLFLGSRVSSDVENLTDDDDEFMSSASTTSHGSEERTENRSEPEMKTEDTSVDIPMTPPRNSIQKDVDSEPCQSSHLKSDATPLSTVKQPLRLLDMPIDVLQVIIKEVTHTNDLTSLALTCSALHSLAIPQMYSRFDIVWPETLSSSDHPAGVDALSYGLATLVMGQDIFRELPPRRAQPCPHCGCESPAPDRDNPTDTLLKIRRGNYYAQYTRKFSVGNGPLVWVQEYSVTKETGKMLGTLVALAVARMVNLETFVWDMPTGVLRDVWIALSSLANRPGHECRLQRVWVRWHDNSENTMRPLAGPSTASSVTLPDTQAALAGSASNSSLLQRYGHVEYPSLSILPPLKSLSVLDIDEPSYLEEMAVLVERSRDRLKELRIGISSKVYQASWLKPAGSWQAEQPTPSRGHSGWPKSGGVLGVVLGRSEEPTRPNRTQADSSPKQGAAEGHAENSHSGFQAHSSMNSAPGSPLPADDITSIALNMQSTHIAQQQPAIASETNLSREIPHTGSEKPLAVPGSGHQMLKLETLELERVPLSIPVALHALDWRQLTTLTIFRCEGHEKLWRALRRQFSPSVSSRSKHSRREGDQSASEYRLNLRHIHTDAVSPYLLLFIKDTLAPNTLQTLFLHEAPMYDSIVHIDAIYKNAIKTHHLSLQKILVDSTQRAPGGSEMPSVRWYKWMFTRQMLTFLSSGRMPRLRELSIALHSKDWHYFLQRLPYMPQLRALHIPHIARQVHRDPKELAMMILDIVTIRPEVGINYVGIQNKCYEILEAKDGDAGEFYDTDDSHSEGFVPGGEEWAGSETNEDESDDDGGISAMDSHSDLSSDDRTSSDGEESEMDYNKTRVSFRLREILFYDDKIAVFKARHGVL
chr_702+CDS488|CRTD,0,0,0,0,MDSYHTLSASSNMAGPSSLFLGSRVSSDVENLTDDDDEFMSSASTTSHGSEERTENRSEPEMKTEDTSVDIPMTPPRNSIQKDVDSEPCQSSHLKSDATPLSTVKQPLRLLDMPIDVLQVIIKEVTHTNDLTSLALTCSALHSLAIPQMYSRFDIVWPETLSSSDHPAGVDALSYGLATLVMGQDIFRELPPRRAQPCPHCGCESPAPDRDNPTDTLLKIRRGNYYAQYTRKFSVGNGPLVWVQEYSVTKETGKMLGTLVALAVARMVNLETFVWDMPTGVLRDVWIALSSLANRPGHECRLQRVWVRWHDNSENTMRPLAGPSTASSVTLPDTQAALAGSASNSSLLQRYGHVEYPSLSILPPLKSLSVLDIDEPSYLEEMAVLVERSRDRLKELRIGISSKVYQASWLKPAGSWQAEQPTPSRGHSGWPKSGGVLGVVLGRSEEPTRPNRTQADSSPKQGAAEGHAENSHSGFQAHSSMNSAPGSPLPADDITSIALNMQSTHIAQQQPAIASETNLSREIPHTGSEKPLAVPGSGHQMLKLETLELERVPLSIPVALHALDWRQLTTLTIFRCEGHEKLWRALRRQFSPSVSSRSKHSRREGDQSASEYRLNLRHIHTDAVSPYLLLFIKDTLAPNTLQTLFLHEAPMYDSIVHIDAIYKNAIKTHHLSLQKILVDSTQRAPGGSEMPSVRWYKWMFTRQMLTFLSSGRMPRLRELSIALHSKDWHYFLQRLPYMPQLRALHIPHIARQVHRDPKELA
chr_702+CDS488|ORIG,0,0,0,0,MDSYHTLSASSNMAGPSSLFLGSRVSSDVENLTDDDDEFMSSASTTSHGSEERTENRSEPEMKTEDTSVDIPMTPPRNSIQKDVDSEPCQSSHLKSDATPLSTVKQPLRLLDMPIDVLQVIIKEVTHTNDLTSLALTCSALHSLAIPQMYSRFDIVWPETLSSSDHPAGVDALSYGLATLVMGQDIFRELPPRRAQPCPHCGCESPAPDRDNPTDTLLKIRRGNYYAQYTRKFSVGNGPLVWVQEYSVTKETGKMLGTLVALAVARMVNLETFVWDMPTGVLRDVWIALSSLANRPGHECRLQRVWVRWHDNSENTMRPLAGPSTASSVTLPDTQAALAGSASNSSLLQRYGHVEYPSLSILPPLKSLSVLDIDEPSYLEEMAVLVERSRDRLKELRIGISSKVYQASWLKPAGSWQAEQPTPSRGHSGWPKSGGVLGVVLGRSEEPTRPNRTQADSSPKQGAAEGHAENSHSGFQAHSSMNSAPGSPLPADDITSIALNMQSTHIAQQQPAIASETNLSREIPHTGSEKPLAVPGSGHQMLKLETLELERVPLSIPVALHALDWRQLTTLTIFRCEGHEKLWRALRRQFSPSVSSRSKHSRREGDQSASEYRLNLRHIHTDAVSPYLLLFIKDTLAPNTLQTLFLHEAPMYDSIVHIDAIYKNAIKTHHLSLQKILVDSTQRAPGGSEMPSVRWYKWMFTRQMLTFLSSGRMPRLRELSIALHSKDWHYFLQRLPYMPQLRALHIPHIARQVHRDPKELAMMILDIVTIRPEVGINYVGIQNKCYEILEAKDGDAGEFYDTDDSHSEGFVPGGEEWAGSETNEDESDDDGGISAMDSHSDLSSDDRTSSDGEESEMDYNKTRVSFRLREILFYDDKIAVFKARHGVL
chr_702+CDS813|TRUE,0,0,0,0,MRISKLLCFGALSGVALASTGSGIAKRSTVSEILTDIEDAATCAACEALLVVLQALAHLGNDDFVDVITEVCILAGVDDDDVCEGAIAREGPILAHDLRYMDVPSKTAVLFCTTIFGLCDYPAVAEYTVDFPSAKPANASRPAPSGETPLQIVHISDIHVDLSYETGANYNCTKPICCRPYTSSDDPGVTDYPAGEYGNHNCDAPLTLEESMYSAIQELVPNASFVIFTGDIVEGAVWLVNETEVTNDLNDAYNSRMADYFDLVYGVTGNHDCAPVNSFPPADIDTTISSQWAYDTLSSDWSQWIGSTAASTADDYGAYSVKYSGGNLRLISFNTNFYYKENFWLYENTMEKDPSGQLAWLVDELFAAESAGERVWLMGHMPMGSSDTFHDASNYFNQIIQRYDATIAAVFYGHTHKDEFELAYSNYTDQSADTASMMSYIMPAMTPTSGNPAFRVYSVDPVTFGVLDFTEYITNMSSSTYQTKPSWQKYYSAKETYGSLLDPPVTDSAAELTPAFWHNVTVLFENDDSVFQDYYARKSRGWDVSECTGDCKTDEICQLRAAESQYNCVEITPGISFKKRDTTASESSSTTKESTCGESVVGQMFSNFGNAVEALIKAAEAKLGSGFLNTTVNATVS
chr_702+CDS813|CRTD,0,0,0,0,MRISKLLCFGALSGVALASTGSGIAKRSTVSEILTDIEDAATCAACEALLVVLQALAHLGNDDFVDVITEVCILAGVDDDDVCEGAIAREGPILAHDLRYMDVPSKTAVLFCTTIFGLCDYPAVAEYTVDFPSAKPANASRPAPSGETPLQIVHISDIHVDLSYETGANYNCTKPICCRPYTSSDDPGVTDYPAGEYGNHNCDAPLTLEESMYSAIQELVPNASFVIFTGDIVEGAVWLVNETEVTNDLNDAYNSRMADYFDLVYGVTGNHDCAPVNSFPPADIDTTISSQWAYDTLSSDWSQWIGSTAASTADDYGAYSVKYSGGNLRLISFNTNFYYKENFWLYENTMEKDPSGQLAWLVDELFAAESAGERVWLMGHMPMGSSDTFHDASNYFNQIIQRYDATIAAVFYGHTHKDEFELAYSNYTDQSADTASMMSYIMPAMTPTSGNPAFRVYSVDPVTFGVLDFTEYITNMSSSTYQTKPSWQKYYSAKETYGSLLDPPVTDSAAELTPAFWHNVTVLFENDDSVFQDYYARKSRGWDVSECTGDCKTDEICQLRAAESQYNCVEITPGISFKKRDTTASESSSTTKESTCGESVVGQMFSNFGNAVEALIKAAEAKLGSGFLNTTVNATVS
chr_702+CDS813|ORIG,0,0,0,0,MRISKLLCFGALSGVALASTGSGIAKRSTVSEILTDIEDAATCAACEALAHLGNDDFVDVITEVCILAGVDDDDVCEGAIAREGPILAHDLRYMDVPSKTAVLFCTTIFGLCDYPAVAEYTVDFPSAKPANASRPAPSGETPLQIVHISDIHVDLSYETGANYNCTKPICCRPYTSSDDPGVTDYPAGEYGNHNCDAPLTLEESMYSAIQELVPNASFVIFTGDIVEGAVWLVNETEVTNDLNDAYNSRMADYFDLVYGVTGNHDCAPVNSFPPADIDTTISSQWAYDTLSSDWSQWIGSTAASTADDYGAYSVKYSGGNLRLISFNTNFYYKENFWLYENTMEKDPSGQLAWLVDELFAAESAGERVWLMGHMPMGSSDTFHDASNYFNQIIQRYDATIAAVFYGHTHKDEFELAYSNYTDQSADTASMMSYIMPAMTPTSGNPAFRVYSVDPVTFGVLDFTEYITNMSSSTYQTKPSWQKYYSAKETYGSLLDPPVTDSAAELTPAFWHNVTVLFENDDSVFQDYYARKSRGWDVSECTGDCKTDEICQLRAAESQYNCVEITPGISFKKRDTTASESSSTTKESTCGESVVGQMFSNFGNAVEALIKAAEAKLGSGFLNTTVNATVS
chr_801+CDS162|TRUE,0,0,0,0,MSDLDRAIAQLRACRLIPEAQVRELCYKARELLIEEGNVVCVDAPVTICGDIHGQFHDLMELFRVGGDVPDTNYLFMGDFVDRGFYSLESFLLLLCLKVRYPDRITLIRGNHESRQITTVYGFYDECIRKYGSANVWRYCCEVFDYLALGALVLGASSELEPTGPSMDTTQSTMPIDDELETEILNSRGEVTMSTYRPRPQSSSDPSSISPPRDISATSNQPPFRSGAAGTSASGDAGGSYGSRTGAVLCVHGGLSPAIDTVDKIRLIDRKQEVPHEGAMCDLLWSDPDEIDGWGLSPRGAGFLFGGDIVKRFNYRNDLSLIARAHQLVMEGYKEMFDGGIVTVWSAPNYCYRCGNVAAILELGEDTSNGGTVARSNGDYGRSNGILGSTNKPAVRSPGRRYRVFEAAAQDTRGMPAKKPVADYFL
chr_801+CDS162|CRTD,0,0,0,0,MSDLDRAIAQLRACR
chr_801+CDS162|ORIG,0,0,0,0,MSDLDRYSLPSRPSYPLPLPLGQDELTSRFSSRRAIAQLRACRLIPEAQVRELCYKARELLIEEGNVVCVDAPVTICGDIHGQFHDLMELFRVGGDVPDTNYLFMGDFVDRGFYSLESFLLLLCLKVRYPDRITLIRGNHESRQITTVYGFYDECIRKYGSANVWRYCCEVFDYLALGALVLGASSELEPTGPSMDTTQSTMPIDDELETEILNSRGEVTMSTYRPRPQSSSDPSSISPPRDISATSNQPPFRSGAAGTSASGDAGGSYGSRTGAVLCVHGGLSPAIDTVDKIRLIDRKQEVPHEGAMCDLLWSDPDEIDGWGLSPRGAGFLFGGDIVKRFNYRNDLSLIARAHQLVMEGYKEMFDGGIVTVWSAPNYCYRCGNVAAILELGEDTSNGGTVARSNGDYGRSNGILGSTNKPAVRSPGRRYRVFEAAAQDTRGMPAKKPVADYFL
chr_801+CDS270|TRUE,0,0,0,0,MEGGARPSSVFPRNQDQVLKRAELHFVTEQTARHERSWEGKVDKPACPNFNAIWAYATPNMRRLYIDCVKYVETKGWHCMYADYECSLKALYEEYYARTDQRAAEMTSCVDFADFKVFVDSIDSESNFPQNAVSKEESGDNDVVPDLMLVDQAGREPEPEMEAAPSDVDVPMTDPAEQSLECGIKDADSQEIIALENAVAKGADVLKELHAKYACTEKVIIGVVGSTGAGKSSLINAVLDEKAVLSTDCMRASTAVATEISYNYRSTKYRAEIEFIKHIEWERELEVLFAELQDHQEEVTRGAIPKNSDAAVALDKIQAVYPTMTADNILNTSAADLMANRRVTDLLGTTKAFEGSDPRAFSMKLKSYIDSKGKRGRSKKSARSQDAAEHPDSASDTDTANQGIGLWPLVRVVRIYTKAPALATGAVLVDLPGIFDSNAARVAVAEDYMRRCSAHWIVAPINRAVDDKVARDLLGKNYKLQMQMDCAFNDMTFICTKTDDIVPTEVIQSLGLDLPAFNEVQQLPARVELMMGEIDALKEAKKKISTQLDLIETEIEDLEERLNDEFGCDVLEITPKRKKPHGHEPSETPTVHEASATELSEVDKLKNQFLKLKVERKALRSQRKHINQQMENKEAELQKLEDGKKEMEHAVLSSCIEARNRFSKCQIKRGFALEIQSLDQEIADDDSENPVQAPVCKYDELERNLPVFCVSTRAYQSLRGRSDMAKLVGGFSQLEETEIPLLQRHFDDALVFCEAGFECALDALDEDMGAHKNRFNRTVRDIFQQNILNKLSGASRHAILQFPEAVSRWNEGLRWNTYKAICRRRGVYRTTDWNRDLARPMFDKIAAAWRRTFNELLPHAMRTMTDDLEVVLGRFHKKAIDSVEQDVSDETKKRLQSTLVACQQSMRQRFWEMSKSTTLEQKRISRAFAEAIAERLEDTYRACASETGLGSWKRSRALMQQVADDHANDVLRGSTEHAKHELKELLDSQEAEVDRIIQSRLRRISRDYHGALIAPQIQLCTEEQARIKSEVAKIVERAEAELQLGHLLGGVRSS
chr_801+CDS270|CRTD,0,0,0,0,TSTQSGPMPRLICEGCTLTVSSMLKQKVGIVCTQTTNVP*KHCTRNIMRVLIRERLR*PLVLILPILRSSLTVSILNRTFHRTLYQRKKVVIMMSFPILCLLIRQDENQNQRWKLPLQTWTSL*RTRLSSLWSAVSRMLTAKRLLL*RTLWLKVPMY*RSSMRFLQAQLLLALRQTGKLRSSGFRNMPARKR*SSEWLEALVPENHRSSTQSSMRKPSCLQTACVPLPLLQQKFPTTTEARSTEQKSSLSSILSGNVNWKCYSQNSRTIKRK*LEVLYPRIRMQRWHWTRSRRSILR*LQIIY*TPPQPT*WLIGELLIFWEPLRLSKEAIQEPFL*N*NRTLTVKASVADRRSLLEVKMLLNIQIPLATRTQPIRVLDFGPLCVLCEFTPKPQP*RLVRSWWIFLAFLTQMQHELLLPKITCDDVRLIGLWPQSTGLSMIKSLGTCLGRIISYKCRWIVHSMT*PSFAQRPTTLSRLKLSSLWVSICQHSMRSNSCQPGLN**WVKSTP*KKLRRKSPRSWT**RPRLKTLKNVSTMSSAVMYWR*PQNERSLTDMSPLRRQQSTRQAPRNFRRWTSLRTNS*SSRLSVKPYGLSGSISTSKWRTKRRSCRSWKTERKKWNMLS*VPA*RQGTGFRNAKSSVALPWRFRVWTRKLPTMTAKTQYRPQFASMTSWRGTYLCFACRPEPTKVFGDALIWQSSLVASPS*RRPKFRFCSGIV*NSLRRPGKIRLVGSSPN*TSSFSR*RFGIL*GRI*MCFGCPR*RYGSA*ESV*PDCQGHFPTEYPEQAQRSIAPRNPPISRSCFALE*GTPMEYLQGHLSPARSIPYYGLESRPSPTHV*QDRCRLEKDFQRATTSCDAYYDG*SGSRTRAIPQEGH*FRRARCFR*DQEEIAKHPRRMPTVDASAILGDE*VDHAGTEAYQSSFCGGDR*AT*RHLPGVCLRDGTRKLEAQ*GTDATGGRRSRQRCSPRQYGAREARAQGASGQSGS*GGSDNPVSSTADLTGLPWSADRATNPAVYGRAGSD*K*GREDCRES*GGVATGTSFGRRSFV
chr_801+CDS270|ORIG,0,0,0,0,MTSCVDFADFKVFVDSIDSESNFPQNAVSKEESGDNDVVPDLMLVDQAGREPEPEMEAAPSDVDVPMTDPAEQSLECGIKDADSQEIIALENAVAKGADVLKELHAKYACTEKVIIGVVGSTGAGKSSLINAVLDEKAVLSTDCMRASTAVATEISYNYRSTKYRAEIEFIKHIEWERELEVLFAELQDHQEEVTRGAIPKNSDAAVALDKIQAVYPTMTADNILNTSAADLMANRRVTDLLGTTKAFEGSDPRAFSMKLKSYIDSKGKRGRSKKSARSQDAAEHPDSASDTDTANQGIGLWPLVRVVRIYTKAPALATGAVLVDLPGIFDSNAARVAVAEDYMRRCSAHWIVAPINRAVDDKVARDLLGKNYKLQMQMDCAFNDMTFICTKTDDIVPTEVIQSLGLDLPAFNEVQQLPARVELMMGEIDALKEAKKKISTQLDLIETEIEDLEERLNDEFGCDVLEITPKRKKPHGHEPSETPTVHEASATELSEVDKLKNQFLKLKVERKALRSQRKHINQQMENKEAELQKLEDGKKEMEHAVLSSCIEARNRFSKCQIKRGFALEIQSLDQEIADDDSENPVQAPVCKYDELERNLPVFCVSTRAYQSLRGRSDMAKLVGGFSQLEETEIPLLQRHCIKLTEKAREDSSHEDMGAHKNRFNRTVRDIFQQNILNKLSGASRHAILQFPEAVSRWNEGLRWNTYKAICRRRGVYRTTDWNRDLARPMFDKIAAAWRRYIYDRKSFNESNVNRTFNELLPHAMRTMTDDLEVVLGRFHKKAIDSVEQDVSDETKKRLQSTLVACQQSMRQRFWEMSKSTTLEQKRISRAFAEAIAERLEDTYRACASETGLGSWKRSRALMQQVADDHANDVLRGSTEHAKHELKELLDSQEAEVDRIIQSRLRRISRDYHGALIAPQIQLCTEEQARIKSEVAKIVERAEAELQLGHLLGGVRSS
chr_801+CDS31|TRUE,0,0,0,0,MTSLPPAQCCIAGHLHSGTPKGELKKIDDILTYVSYPPNKSTQNAILFLSDIFGPKLVNSQLIADQFAANGYFVVLPDLFHGDPVPVEREGNFDVMAWLQNHLPPVTDPVIDRTIRYMRQEQGCQRIGGVGYCYGGKYVARYLKPGLLDVGYMAHPTHVEVDELKGIQGPLSISAASSDYLFPTEKRRESEDILSELGHPYEITVYSHVEHGYAVRCNMEIKQQRVAKEKSFAQAVGWFDAYLKE
chr_801+CDS31|CRTD,0,0,0,0,MYMLPAPVLTYVSYPPNKSTQNAILFLSDIFGPKLVNSQLIADQFAANGYFVVLPDLFHGDPVPVEREGNFDVMAWLQNHLPPVTDPVIDRTIRYMRQEQGCQRIGGVGYCYGGKYVARYLKPGLLDVGYMAHPTHVEVDELKGIQGPLSISAASSDYLFPTEKRRESEDILSELGHPYEITVYSHVEHGYAVRCNMEIKQQRVAKEKSFAQAVGWFDAYLKE
chr_801+CDS31|ORIG,0,0,0,0,MYMLPAPVLTYVSYPPNKSTQNAILFLSDIFGPKLVNSQLIADQFAANGYFVVLPDLFHGDPVPVEREGNFDVMAWLQNHLPPVTDPVIDRTIRYMRQEQGCQRIGGVGYCYGGKYVARYLKPGLLDVGYMAHPTHVEVDELKGIQGPLSISAASSDYLFPTEKRRESEDILSELGHPYEITVYSHVEHGYAVRCNMEIKQQRVAKEKSFAQAVGWFDAYLKE
chr_801+CDS408|TRUE,0,0,0,0,MDSDEESSCAVSAPVGKKRIPKACTSCRQSKVKCDGKRPCTRCKRARKQCVFFEIPKDPAVLRLENVEAEVQRLREQLSNMNELLLRQSTQQQQQIAVTSPASAHVMSDPGTMPTFLATDGMGGYHHHHHHWRGVRYPVTHRDHDAGVFQFPTPGMEAARPTRSRRSGFDIREEPILDFISRGMMTADQAMSCFRTFFQGCDRYIPVFDPDIDTFNSVRTRSSILLNAICTIGSRVEIRSGSQIPDLLHAELKRSINVVIQNKNLNCLESVQALLIVACYSAERSLILSFATRMALDLGLDEAFEELIQRLTMKETEGIHDMSGVVVDDEERALMRKSRTWFGLLVLDHIFHVDGGKPPGIRVTGNAHRCRILLRHRTSTVLDLRLFSQVELNIIRARVNDTLDAKETLQRSDITEFVHEAKVDLDLWFDDWLRIIENSPTATQERPFLLAALRVQKCWAELILHCKALRSMGVGNVAEMSPIEQTILLTAKSSARKHLRLISLEPDFYLAKLKYAMDFVWAKCAFCFLLLLKLSRLLPERKEEHTELLDHGNRLLDELTRTNGESATTAAAAATTTTTGIGNNNNIYMQILRLSIEKYSRVLQEREVNDVPIGETGVGGGNVGGDTNQPGTNAMVPFWELFDAQADLQSFVPEQFVREWDFPGLDLFYFPTAWQDFFGDFSLAV
chr_801+CDS408|CRTD,0,0,0,0,TPGER*SRSTASTGAIEQYE*ATTPSIYTAATANCRHVPGFSSCHV*PWDNADVSRYRWYGWVSSSSSPLARGKVSCDP*GS*CWRVSVSDSWNGGCSAYPVATFRVRYQGRANIGFHQ*GDDDG*SGYVVL*DVLPGL**VYPGLRSRY*HLQLCAHTE*HFAECYLHDWQSG*DQVRISDP*SITC*TQKINKCGHSKQKPQLFGIGASIAHCSLLLRRTVLDPIVCNSNGLGSGPG*SIRGTDTEADDERDRRDS*YVWCGSR*RRARFDA*I*DVVWSFGA*SYIPRRRWEASWYPGDRECTSMSHFASSSYVYCIGFAAVFSGGVEHHTCKSKRHSRRQRNAPKIGYHRVCTRSQGRSRSLV*RLATHNRKLPHSHPRTPLSPGGATSSKMLGRVNPALQSAPFHGRRKRRRNVPNRTNHPPNRQIQRPKTPPPNQPRTRLLPRQTQIRHGLRLGQMRFLLPLTPEIITSPSRTERRTHGTSRSW
chr_801+CDS408|ORIG,0,0,0,0,MNELLLRQSTQQQQQIAVTSPASAHVMSDPGTMPTFLATDGMGGDHDAGVFQFPTPGMEAARPTRSRRSGFDIREEPILDFISRGMMTADQAMSCFRTFFQGCDRYIPVFDPDIDTFNSVRTRSSILLNAICTIGSRVEIRSGSQIPDLLHAELKRSINVVIQNKNLNCLESVQALLIVACYSAERSLILSFATRMALDLGLDEAFEELIQRLTMKETEGIHDMSGVVVDDEERALMRKSRTWFGLLVLDHIFHVDGGKPPGIRVTGNAHRCRILLRHRTSTVLDLRLFSQVELNIIRARVNDTLDAKETLQRSDITEFVHEAKVDLDLWFDDWLRIIENSPTATQERPFLLAALRVQKCWAELILHCKALRSMGVGNVAEMSPIEQTILLTAKSSARKHLRLISLEPDFYLAKLKYAMDFVWAKCAFCFLLLLKLSRLLPERKEEHTELLDHGNRLLDELTRTNGESATTAAAAATTTTTGIGNNNNIYMQILRLSIEKYSRVLQEREVNDVPIGETGVGGGNVGGDTNQPGTNAMVPFWELFDAQADLQSFVPEQFVREWDFPGLDLFYFPTAWQDFFGDFSLAV
chr_802+CDS176|TRUE,0,0,0,0,MFRVGSWLYGKKPASTQSLDSLSELRDLEDALRAATLILNDDVDGAEDGLSEGTSSFHNLGRGVVAFIRATLGFEQEIMRQASERLNAAETSAANDQHRAQHNSHAPNTYHSQIYAPGTEFALCQAMAQLMSAVVGVLNESLTESIKGFYRLRKAYITLDAILKMEQKFIMQARNSGNSTSTESLPRGAGQGAGSKSVPASPVEPIDLKKELSDLSISADSETSASGPSDMLSHDPDSDIFKNQIDVFVHSGANFCFGILLLLISMVPPAFSKLLGIIGFHGDKERGLRMLWQASKFHNLIGALAAFSILGYSNGFVRYCDIMPDPVPGDDVQGYPQERLEALLALMRKRFPKSQLWLLEESRMNGANKKLDVALELLCGEDRSPLKQVEALRVFERSLNAMYLHRYELCAESFLECVELNSWSRSLYYYIAGSAHLSLYRNIAGTDATAAAKHAEKAVEYFRKAPPLAGKKKFMARQLPFDVFVSRKIAKWEARAKEWKVPLVDAVGVDPIEEMIFFWNGHSRMTQEQLEESMTKLAWSESEANKTWSREGPEEKAILQLLRAAVLRAMRRHDEAKEMIRTSIFSQDKSQFTGHLKDDWIYPVAHFEMAANLWMERPTYSAIHGGPASSSEKPSTDSDMQLERRQVRECKEHLEKAAKWESYELDARVGLKVTAALEAVEKWESAHATTSG
chr_802+CDS176|CRTD,0,0,0,0,MFRVGSWLYGKKPASTQSLDSLSELRDLEDALRAATLILNDDVDGAEDGLSEGTSSFHNLGRGVVAFIRATLGFEQEIMRQASERLNAAETSAANDQHRAQHNSHAPNTYHSQIYAPGTEFALCQAMAQLMSAVVGVLNESLTESIKGFYRLRKAYITLDAILKMEQKFIMQARNSGNSTSTESLPRGAGQGAGSKSVPASPVEPIDLKKELSDLSISADSETSASGPSDMLSHDPDSDIFKNQIDVFVHSGANFCFGILLLLISMVPPAFSKLLGIIGFHGDKERGLRMLWQASKFHNLIGALAAFSILGYSNGFVRYCDIMPDPVPGDDVQGYPQERLEALLALMRKRFPKSQLWLLEESRMNGANKKLDVALELLCGEDRSPLKQVEALRVFERSLNAMYLHRYELCAESFLECVELNSWSRSLYYYIAGSAHLSLYRNIAGTDATAAAKHAEKAVEYFRKAPPLAGKKKFMARQLPFDVFVSRKIAKWEARAKEWKVPLVDAVGVDPIEEMIFFWNGHSRMTQEQLEESMTKLAWSESEANKTWSREGPEEKAILQLLRAAVLRAMRRHDEAKEMIRTSIFSQDKSQFTGHLKDDWIYPVAHFEMAANLWMERPTYSAIHGGPASSSEKPSTDSDMQLERRQVRECKEHLEKAAKWESYELDARVGLKVTAALEAVEKWESAHATTS
chr_802+CDS176|ORIG,0,0,0,0,MFRVGSWLYGKKPASTQSLDSLSELRDLEDALRGMSNFSCVIESPLFRAATLILNDDVDGAEDGLSEGTSSFHNLGRGVVAFIRATLGFEQEIMRQASERLNAAETSAANDQHRAQHNSHAPNTYHSQIYAPGTEFALCQAMAQLMSAVVGVLNESLTESIKGFYRLRKAYITLDAILKMEQKFIMQARNSGNSTSTESLPRGAGQGAGSKSVPASPVEPIDLKKELSDLSISADSETSASGPSDMLSHDPDSDIFKNQIDVFVHSGANFCFGILLLLISMVPPAFSKLLGIIGFHGDKERGLRMLWQASKFHNLIGALAAFSILGYSNGFVRYCDIMPDPVPGDDVQGYPQERLEALLALMRKRFPKSQLWLLEESRMNGANKKLDVALELLCGEDRSPLKQVEALRVFERSLNAMYLHRYELCAESFLECVELNSWSRSLYYYIAGSAHLSLYRNIAGTDATAAAKHAEKAVEYFRKAPPLAGKKKFMARQLPFDVFVSRKIAKWEARAKEWKVPLVDAVGVDPIEEMIFFWNGHSRMTQEQLEESMTKLAWSESEANKTWSREGPEEKAILQLLRAAVLRAMRRHDEAKEMIRTSIFSQDKSQFTGHLKDDWIYPVAHFEMAANLWMERPTYSAIHGGPASSSEKPSTDSDMQLERRQVRECKEHLEKAAKWESYELDARVGLKVTAALEAVEKWESAHATTSG
chr_802+CDS382|TRUE,0,0,0,0,MRQPSMDANADEALARMGYKSELPRNLSMMSILGLSFAIMAAPFGLSTTLYITLTDGQSVSVIWGWVVVTLISIAIAASLAEICAVYPTAGGVYYWSAMLSTRKWAPAMSFIDGWLTLVGNWTVTLSITFSGGQLILSAISLWNEDFVANTWQTILMFWAVIGACALVNIFFSKWLDLINKVCIYWTAASVVIILVTLLTMADERRDAEFVFAHYDASQSGWPAGWAFFVGLLQAAYTLTGYGMVAAMCEEVQNPHREVPKAIVLSVVAAGITGLVYLIPIMFVLPPVETLLAVASGQPIGLIFKTATGSAGGGFGLLFLVLGILVFAGIGALTAASRCTYAFARDGAIPGFRLWRQVNPKLDVPVWAIILSTVVDCLLGLIYFGSSAAFNSFTGVATICLSISYGLPIFICVLRGREAVKESSFSLGRFGYAINIVSICWICLAVVLFCMPTSLPVDASSMNYASVVFAGFAAISIGWYVVYARKHFTGPPVTDEDMPGVMTGKPIDTENTYAAHEKAGKE
chr_802+CDS382|CRTD,0,0,0,0,MRQPSMDANADEALARMGYKSELPRNLSMMSILGLSFAIMAAPFGLSTTLYITLTDGQSVSVIWGWVVVTLISIAIAASLAEICAVYPTAGGVYYWSAMLSTRKWAPAMSFIDGWLTLVGNWTVTLSITFSGGQLILSAISLWNEDFVANTWQTILMFWAVIGACALVNIFFSKWLDLINKVCIYWTAASVVIILVTLLTMADERRDAEFVFAHYDASQSGWPAGWAFFVGLLQAAYTLTGYGMVAAMCEEVQNPHREVPKAIVLSVVAAGITGLVYLIPIMFVLPPVETLLAVASGQPIGLIFKTATGSAGGGFGLLFLVLGILVFAGIGALTAASRCTYAFARDGAIPGFRLWRQVNPKLDVPVWAIILSTVVDCLLGLIYFGSSAAFNSFTGVATICLSISYGLPIFICVLRGREAVKESSFSLGRFGYAINIVSICWICLAVVLFCMPTSLPVDASSMNYASVVFAGFAAISIGWYVVYARKHFTGPPVTDEDMPGVMTGKPIDTENTYAAHEKAGKE
chr_802+CDS382|ORIG,0,0,0,0,MRQPSMDANADEALARMGYKSELPRNLSMMSILGLYVPILQHVVPSSDGHTHEITVSHSSFAIMAAPFGLSTTLYITLTDGQSVSVIWGWVVVTLISIAIAASLAEICAVYPTAGGVYYWSAMLSTRKWAPAMSFIDGWLTLVGNWTVTLSITFSGGQLILSAISLWNEDFVANTWQTILMFWAVIGACALVNIFFSKWLDLINKVCIYWTAASVVIILVTLLTMADERRDAEFVFAHYDASQSGWPAGWAFFVGLLQAAYTLTGYGMVAAMCEEVQNPHREVPKAIVLSVVAAGITGLVYLIPIMFVLPPVETLLAVASGQPIGLIFKTATGSAGGGFGLLFLVLGILVFAGIGALTAASRCTYAFARDGAIPGFRLWRQVNPKLDVPVWAIILSTVVDCLLGLIYFGSSAAFNSFTGVATICLSISYGLPIFICVLRGREAVKESSFSLGRFGYAINIVSICWICLAVVLFCMPTSLPVDASSMNYASVVFAGFAAISIGWYVVYARKHFTGPPVTDEDMPGVMTGKPIDTENTYAAHEKAGKE
chr_802+CDS476|TRUE,0,0,0,0,MTRIGWFGLGSMGLAMASNLQRHLARKTAPSLIYSNRTISRGDPLKKLGGTPADNFSKLVSQCGIIFTMVSNDAVLQELVTTAINSGHSLKDKIFVDCSTVLPETVGATASKLKEKEAKFLSAPVFGGNPIAVDGKLVFAIGGPKQAAEVVKPLIQDVMGRKVIDCGEDAMKSSLLKIAGNIITVNLMEAVGEAQVFAEKTGLGTGPMEDLIGEAFGGVAGGYSKRLTTGAYAPPLDSRPGFGVSLAIKDAKHAFAMAKQHNVELPGLQVSLDNMEAAREYAGECLDSSSMYGYLRQKAGLEFWNEKSRQGNSQ
chr_802+CDS476|CRTD,0,0,0,0,MTRIGWFGLGSMGLAMASNLQRHLARKTAPSLIYSNRTISRGDPLKKLGGTPADNFSKLVSQCGIIFTMVSNDAVLQELVTTAINSGHSLKDKIFVDCSTVLPETVGATASKLKEKEAKFLSAPVFGGNPIAVDGKLVFAIGGPKQAAEVVKPLIQDVMGRKVIDCGEDAMKSSLLKIAGNIITVNLMEAVGEAQVFAEKTGLGTGPMEDLIGEAFGGVAGGYSKRLTTGAYAPPLDSRPGFGVSLAIKDAKHAFAMAKQHNVELPGLQVSLDNMEAAREYAGECLDSSSMYGYLRQKAGLEFWNEKSRQGNSQ
chr_802+CDS476|ORIG,0,0,0,0,MTRIGWFGLGSMGLAMASNLQRHLARKTAPSLIYSNRTISRGDPLKKLGGTPADNFSKLVSQCGIIFTMVSNDAVLQELVTTAINSGHSLKDKIFVDCSTVLPETVGATASKLKEKEAKFLSAPVFGGNPIAVDGKLVFAIGGPKQAAEVVKPLIQDVMGRKVIDCGEDAMKSSLLKIAGGIVAFSNIITVNLMEAVGEAQVFAEKTGLGTGPMEDLIGEAFGGVAGGYSKRLTTGAYAPPLDSRPGFGVSLAIKDAKHAFAMAKQHNVELPGLQVSLDNMEAAREYAGECLDSSSMYGYLRQKAGLEFWNEKSRQGNSQ
chr_802+CDS697|TRUE,0,0,0,0,MPTSQQKSTPRRHQRSTIACETCRNRKVRCSLNITGVPCIGCAQDNTQCVVDPKRQERLRRNRTSRVQHLHTPSNNALPGVNRATRPQDISSPASDHPRETINRYETDLISRRETPLLLNDAESEERYGLEIAAAALGQPRRAGGVPFYSGAGTGPTSALEICLSDQSLSKHFLVPSSPAVHLAEEDKKYLESKGVFTMPAPATCDSLLRAYFHHVHPIMPILEPDVILEHHRTARLPENNVLIFWCIFFVASNFIPPQVYEQEGYGSRKEMKAAMYARANCMYNHGGKMDKIILLQASLLMAFWHSEADEHTQPWYWMGIAISFCQMLGLHRDPDLSTYNSSITDRQRHLWRRLWWSCFSRDRWLSLTLGRPLRINLHDCDTPKPSVDDFLSDVVGLSPQMTSYLPENLKVLASHWVKYLEISAILGDVISMHYQASKPRPSLKNVNDMEIKISQCTVPEQDDPNLSRVAIFGIYHLQLHYHALAGSFYRPFITTLPKDLDPVDKEGWTHRMRLKADAAASHTNTVVEAMAQDGLLEFSGPMTPPLLVPAMQTNLLNCKIGNSLSKRLRFNKLSMCMMVMEELQKTYTVASIYRAIFARAIQLLFPENTETTLPGYPDAGADHNLTDTSRLEETGDVMGTAEIGAINAPGYNDISADAFVDLLMDEASIFNFWDTWTRT
chr_802+CDS697|CRTD,0,0,0,0,MIPAPVTASSDDRRHQITDKQTLECPPANRNQLLGAISDQRSLVRPAEIAK*DAASTLPVFPASGVHRITPNVSWIRKDRKGFVAIGLLEYSIFTPLRTTPCRG*TAPPGLRIFHRLLLTIPERQ*TATRPILYRGGRLLCC*MMQKVRSDTGSRLLLLRWDNLEEQAECLSTPEQELGQHLLWKSACLTSHCQNISSCRRVRLYISPKRIRSISKARVYSQCQPPQHAIVFYEPTSITCIRSCQSLSQT*FSNTTALPDYRKTTS*YFGASSLWRRTLFLPRYTSRKGTDRAKR*RPRCMLGQTACTITEGKWIR*FYCKHRC*WHFGIPKRMNTHNHGTGWALPLASAKC*ASIETQIYPHTIPRSRIASDTFGEDYGGPAFRAIDG*A*PWADRCESTSTIVIRQSHPLMTF*AML*ACLRR*HPTYQKT*RYWPAIGLSIWKSVLY*AM*LACTTRRVSLGRR*KMSMTWRSRYPNALFQNKTIRIYLVLLSSASTTSSCTTMHLRDHSIGRLLLRYRKTSTQLTKKAGHIVCD*RPTQQLLTQTLSSKLWPKTACLNFQGP*HLPS*SQQCKPTSSTARLATPYLNDFASTNLVCA*W*WKNFKKHIPLRPYTARSSQGPSSCSFQRIQRLLYQDTLMLAPTII*PIPRDWKKLVMLWGQRRSGP*MRRVIMIFRRMLSSICSWMKRLYSISGIRGPE
chr_802+CDS697|ORIG,0,0,0,0,MIPAPVTASSDDRRHQITDKQTLECPPANRNQLLGAISDQRSLVRPAEIAKLRRNRTSRVQHLHTPSNNALPGVNRATRPQDISSPASDHPRETINRYETDLISRRETPLLLNDAESEERYGLEIAAAALGQPRRAGGVPFYSGAGTGPTSALEICLSDQSLSKHFLVPSSPAVHLAEEDKKYLESKGVFTMPAPATCDSLLRAYFHHVHPIMPILEPDVILEHHRTARLPENNVLIFWCIFFVASNFIPPQVYEQEGYGSRKEMKAAMYARANCMYNHGGKMDKIILLQASLLMAFWHSEADEHTQPWYWMGIAISFCQMLGLHRDPDLSTYNSSITDRQRHLWRRLWWSCFSRDRWLSLTLGRPLRINLHDCDTPKPSVDDFLSDVVGLSPQMTSYLPENLKVLASHWVKYLEISAILGDVISMHYQASKPRPSLKNVNDMEIKISQCTVPEQDDPNLSRVAIFGIYHLQLHYHALAGSFYRPFITTLPKDLDPVDKEGWTHRMRLKADAAASHTNTVVEAMAQDGLLEFSGPMTPPLLVPAMQTNLLNCKIGNSLSKRLRFNKLSMCMMVMEELQKTYTVASIYRAIFARAIQLLFPENTETTLPGYPDAGADHNLTDTSRLEETGDVMGTAEIGAINAPGYNDISADAFVDLLMDEASIFNFWDTWTRT
chr_802+CDS792|TRUE,0,0,0,0,MAFIFYQRLPAVRVTGILSRQTRPAFVKPASTPRRAFSITPTHTMLSTELTEAEVSALRANKERLAKDLHHSCQWGYGIRWGDGHTDTGMQRLALSQEDKQVRDWFIETTKALKCEITVDEMGNIFAVRPGRRTDVPPTFIGSHLDTQPTGGRYDGILGVLSGIEALKVIDEMGLETEGGIGVVNWTNEEGARFPISMVSSGVWAECIPLERAHGLKEVPTVASLPTASSAPESMKSALEKINYLGSVPCSYKQTPMAAHFELHIEQGPHLISAGQHVGVVTAVQAYRWFRLTIFGRDTHTGTTAFEHRADALYAFARMMVRAREVASSHGCLASVGIVEAKPGSVNTVPGTVSFTLDIRGPESELVQVVEDQLRKEFDSIAAEEGKGIGKPCRVEWTLDFDSPAVKFHPDCIECVQQSAEAVVSDVNAAEPKSLMRTIMSGAGHDSVFTSKRVPTSMIFVPCKDGLSHHPEEFCSADDCATGASVILQAVIRYDRKRFSK
chr_802+CDS792|CRTD,0,0,0,0,MLSTELTEAEVSALRANKERLAKDLHHSCQWGYGIRWGDGHTDTGMQRLALSQEDKQVRDWFIETTKALKCEITVDEMGNIFAVRPGRRTDVPPTFIGSHLDTQPTGGRYDGILGVLSGIEALKVIDEMGLETEGGIGVVNWTNEEGARFPISMVSSGVWAECIPLERAHGLKEVPTVASLPTASSAPESMKSALEKINYLGSVPCSYKQTPMAAHFELHIEQGPHLISAGQHVGVVTAVQAYRWFRLTIFGRDTHTGTTAFEHRADALYAFARMMVRAREVASSHGCLASVGIVEAKPGSVNTVPGTVSFTLDIRGPESELVQVVEDQLRKEFDSIAAEEGKGIGKPCRVEWTLDFDSPAVKFHPDCIECVQQSAEAVVSDVNAAEPKSLMRTIMSGAGHDSVFTSKRVPTSMIFVPCKDGLSHHPEEFCSADDCATGASVILQAVIRYDRKRFSK
chr_802+CDS792|ORIG,0,0,0,0,MLSTELTEAEVSALRANKERLAKDLHHSCQWGYGIRWGDGHTDTGMQRLALSQEDKQVRDWFIETTKALKCEITVDEMGNIFAVRPGRRTDVPPTFIGSHLDTQPTGGRYDGILGVLSGIEALKVIDEMGLETEGGIGVVNWTNEEGARFPISMVSSGVWAECIPLERAHGLKEVPTVASLPTASSAPESMKSALEKINYLGSVPCSYKQTPMAAHFELHIEQGPHLISAGQHVGVVTAVQAYRWFRLTIFGRDTHTGTTAFEHRADALYAFARMMVRAREVASSHGCLASVGIVEAKPGSVNTVPGTVSFTLDIRGPESELVQVVEDQLRKEFDSIAAEEGKGIGKPCRVEWTLDFDSPAVKFHPDCIECVQQSAEAVVSDVNAAEPKSLMRTIMSGAGHDSVFTSKRVPTSMIFVPCKDGLSHHPEEFCSADDCATGASVILQAVIRYDRKRFSK
chr_802+CDS90|TRUE,0,0,0,0,MVDILPLSSYPSYIDLLPSIQTCNITNLPENYFLKYYLYHALTWPQLSFVAVVRPKNGYSKYTSEKGAGSAAEQYPKVVGYVLAKMEEEPTDGVPHGHITSISVMRTHRRLGIAERLMRMSQRAMAECHRAQYVSLHVRVSNKAALHLYRDTLGFQVDSVESKYYADGEDAYAMRMDLSGMFIDWAEIERKDRERAEKDEKDADEGDEVGDLGKKEEKESSEKMVKVKVGRGLGVGDLVEKNEAQGSSQ
chr_802+CDS90|CRTD,0,0,0,0,MRLIAHLLPLLAVGVWPSLAKDDSTTTTTTTGNNGGLTLEGTVTSSISEATLPTGHYLSYTTTMTLDDGHTVTSTGAHSATTTSNSTTTSGNFTTTVTSSSQSLTLLVGGQTGGVNGTNATTTATSTASSTPVVNTQPCNGHAEFCARKYSNITMVAAHNSPFVKPGNAAANQALKVTAQLDDGIRMLQFQTHLVNNTLYLCHTSCDLLNMGPLEDYLTTVTKWVKTHPYDVVTILIGNYDYVDPGNFTGPMQNSGLMDYVFTPSKIPMALDDWPTMSSMILSGKRAVVFMDYQANQTAYPWLMDEFSQMWETPFSPTDAAFPCTEQRPPDLSAQDAKDRMYMANHNLNLDINIASISLLIPNTASLNQTNAVSGYGSLGKMARNCTAMWDRPPNFLLVDYYNYGNINGSVFEVAAEMNNVTWDGKCCGAASAASSVMPGVSVMSTLLLIAGVQYMASIF
chr_802+CDS90|ORIG,0,0,0,0,MRLIAHLLPLLAVGVWPSLAKDDSTTTTTTTGNNGGLTLEGTVTSSISEATLPTGHYLSYTTTMTLDDGHTVTSTGAHSATTTSNSTTTSGNFTTTVTSSSQSLTLLVGGQTGGVNGTNATTTATSTASSTPVVNTQPCNGHAEFCARKYSNITMVAAHNSPFVKPGNAAANQALKVTAQLDDGIRMLQFQTHLVNNTLYLCHTSCDLLNMGPLEDYLTTVTKWVKTHPYDVVTILIGNYDYVDPGNFTGPMQNSGLMDYVFTPSKIPMALDDWPTMSSMILSGKRAVVFMDYQANQTAYPWLMDEFSQMWETPFSPTDAAFPCTEQRPPDLSAQDAKDRMYMANHNLNLDINIASISLLIPNTASLNQTNAVSGYGSLGKMARNCTAMWDRPPNFLLVDYYNYGNINGSVFEVAAEMNNVTWDGKCCGAASAASSVMPGLAPTQLTTTTTNQLRPQYHHHTLHSRQLQQATDFNHTRGPITYPNPSFPSSPALPTHPTNQSLPPSSGKLTKMVDILPLSSYPSYIDLLPSIQTCNITNLPENYFLKYYLYHALTWPQLSFVAVVRPKNGYSKYTSEKGAGSAAEQYPKVVGYVLAKMEEEPTDGVPHGHITSISVMRTHRRLGIAERLMRMSQRAMAECHRAQYVSLHVRVSNKAALHLYRDTLGFQVDSVESKYYADGEDAYAMRMDLSGMFIDWAEIERKDRERAEKDEKDADEGDEVGDLGKKEEKESSEKMVKVKVGRGLGVGDLVEKNEAQGSSQ
chr_802+CDS998|TRUE,0,0,0,0,MRVLTIFAVLSRVSWATHTVKTGLDVLLESNYTQLAGRRVIVLTNPTGVTPDLQLGVDVMFNSGAVDLVGVMGPEHGFRGTAQAGGSEGTFIDPVTGLTVYDAYNVNTSTLVGYIKESEADTVLFDIQDVGARFYTYTWAMYDTMVAAAIANASFVVVDRPNPITGLNAFGPVLNESYASYVGRRPIAQAHGMTTGELASMFVGENWIQEAANGSDLNLEVILMKGWKRSMTWKDTNLPWVMPSPNMPTPETALIYPGARMFEGTSISEGRGTTRPFEVQYCLLGGSFTNDSWTDEMRALNIPHTNFRSACFSPTTSKFQSQTVCGLQSYVFLDSIGDYEEFDPVFLGVSLLWSAKHLYTVGGNDTGFGNTTQSFHWLFGSKTGLYDVDVLTGGSLVREGIEAGLPPDEIRSQWEADLQAFKKKRETYLLY
chr_802+CDS998|CRTD,0,0,0,0,MRVLTIFAVLSRVSWATHTVKTGLDVLLESNYTQLAGRRVIVLTNPTGVTPDLQLGVDVMFNSGAVDLVGVMGPEHGFRGTAQAGGSEGTFIDPVTGLTVYDAYNVNTSTLVGYIKESEADTVLFDIQDVGARFYTYTWAMYDTMVAAAIANASFVVVDRPNPITGLNAFGPVLNESYASYVGRRPIAQAHGMTTGELASMFVGENWIQEAANGSDLNLEVILMKGWKRSMTWKDTNLPWVMPSPNMPTPETALIYPGARMFEGTSISEGRGTTRPFELLGGSFTNDSWTDEMRALNIPHTNFRSACFSPTTSKFQSQTVCGLQSYVFLDSIGDYEEFDPVFLGVSLLWSAKHLYTVGGNDTGFGNTTQSFHWLFGSKTGLYDVDV
chr_802+CDS998|ORIG,0,0,0,0,MRVLTIFAVLSRVSWATHTVKTGLDVLLESNYTQLAGRRVIVLTNPTGVTPDLQLGVDVMFNSGAVDLVGVMGPEHGFRGTAQAGGSEGTFIDPVTGLTVYDAYNVNTSTLVGYIKESEADTVLFDIQDVGARFYTYTWAMYDTMVAAAIANASFVVVDRPNPITGLNAFGPVLNESYASYVGRRPIAQAHGMTTGELASMFVGENWIQEAANGSDLNLEVILMKGWKRSMTWKDTNLPWVMPSPNMPTPETALIYPGARMFEGTSISEGRGTTRPFELLGGSFTNDSWTDEMRALNIPHTNFRSACFSPTTSKFQSQTVCGLQSYVFLDSIGDYEEFDPVFLGVSLLWSAKHLYTVGGNDTGFGNTTQSFHWLFGSKTGLYDVDVLTGGSLVREGIEAGLPPDEIRSQWEADLQAFKKKRETYLLY
